bin,py_i,py_q,rtl_i,rtl_q,py_mag,rtl_mag,diff_i,diff_q
0,32760,0,60,0,32760,60,-32700,0
1,0,0,0,0,0,0,0,0
2,0,0,0,0,0,0,0,0
3,0,0,0,0,0,0,0,0
4,0,0,33,-50,0,83,33,-50
5,0,0,0,0,0,0,0,0
6,-1,0,-1,0,1,1,0,0
7,0,0,0,0,0,0,0,0
8,0,0,16,-57,0,73,16,-57
9,0,0,0,0,0,0,0,0
10,0,0,0,0,0,0,0,0
11,0,0,0,0,0,0,0,0
12,0,0,32,21,0,53,32,21
13,-1,-1,-1,-1,2,2,0,0
14,0,0,0,0,0,0,0,0
15,0,0,0,0,0,0,0,0
16,0,0,7,-61,0,68,7,-61
17,0,0,0,0,0,0,0,0
18,-1,0,-1,0,1,1,0,0
19,0,0,0,0,0,0,0,0
20,-1,0,13,99,1,112,14,99
21,0,0,0,0,0,0,0,0
22,-1,0,-1,0,1,1,0,0
23,0,0,0,0,0,0,0,0
24,-1,0,48,9,1,57,49,9
25,-1,-1,-1,-1,2,2,0,0
26,0,0,0,0,0,0,0,0
27,0,0,0,0,0,0,0,0
28,-1,0,123,37,1,160,124,37
29,-1,-1,-1,-1,2,2,0,0
30,0,0,0,0,0,0,0,0
31,0,0,0,0,0,0,0,0
32,0,0,2,-63,0,65,2,-63
33,0,0,0,0,0,0,0,0
34,-1,0,-1,0,1,1,0,0
35,0,0,0,0,0,0,0,0
36,-1,0,118,-67,1,185,119,-67
37,0,0,0,0,0,0,0,0
38,-1,0,-1,0,1,1,0,0
39,0,0,0,0,0,0,0,0
40,-1,0,42,112,1,154,43,112
41,0,0,0,0,0,0,0,0
42,-1,0,-1,0,1,1,0,0
43,0,0,0,0,0,0,0,0
44,0,0,118,9,0,127,118,9
45,-1,-1,-1,-1,2,2,0,0
46,0,0,0,0,0,0,0,0
47,0,0,0,0,0,0,0,0
48,0,0,57,34,0,91,57,34
49,-1,0,-1,0,1,1,0,0
50,-1,0,-1,0,1,1,0,0
51,0,0,0,0,0,0,0,0
52,-1,0,48,82,1,130,49,82
53,0,0,0,0,0,0,0,0
54,-1,-1,-1,-1,2,2,0,0
55,0,0,0,0,0,0,0,0
56,-1,0,126,13,1,139,127,13
57,-1,-1,-1,-1,2,2,0,0
58,0,0,0,0,0,0,0,0
59,0,0,0,0,0,0,0,0
60,-1,0,39,-35,1,74,40,-35
61,-1,-1,-1,-1,2,2,0,0
62,0,0,0,0,0,0,0,0
63,0,0,0,0,0,0,0,0
64,0,0,-1,-32,0,33,-1,-32
65,0,0,0,0,0,0,0,0
66,-1,0,-1,0,1,1,0,0
67,0,0,0,0,0,0,0,0
68,-1,0,16,-21,1,37,17,-21
69,0,0,0,0,0,0,0,0
70,-1,-1,-1,-1,2,2,0,0
71,0,0,0,0,0,0,0,0
72,0,0,89,-39,0,128,89,-39
73,0,0,0,0,0,0,0,0
74,-1,0,-1,0,1,1,0,0
75,0,0,0,0,0,0,0,0
76,-1,0,81,-42,1,123,82,-42
77,-1,-1,-1,-1,2,2,0,0
78,0,0,0,0,0,0,0,0
79,0,0,0,0,0,0,0,0
80,0,0,58,85,0,143,58,85
81,0,0,0,0,0,0,0,0
82,-1,0,-1,0,1,1,0,0
83,0,0,0,0,0,0,0,0
84,-1,0,198,-67,1,265,199,-67
85,0,0,0,0,0,0,0,0
86,-1,-1,-1,-1,2,2,0,0
87,0,0,0,0,0,0,0,0
88,-1,0,123,-4,1,127,124,-4
89,-1,-1,-1,-1,2,2,0,0
90,-1,0,-1,0,1,1,0,0
91,0,0,0,0,0,0,0,0
92,-1,0,37,34,1,71,38,34
93,-1,-1,-1,-1,2,2,0,0
94,0,0,0,0,0,0,0,0
95,0,0,0,0,0,0,0,0
96,0,0,64,44,0,108,64,44
97,-1,0,-1,0,1,1,0,0
98,-1,0,-1,0,1,1,0,0
99,0,0,0,0,0,0,0,0
100,-1,0,36,-17,1,53,37,-17
101,0,0,0,0,0,0,0,0
102,-1,0,-1,0,1,1,0,0
103,0,0,0,0,0,0,0,0
104,0,0,30,71,0,101,30,71
105,0,0,0,0,0,0,0,0
106,-1,0,-1,0,1,1,0,0
107,0,0,0,0,0,0,0,0
108,-1,0,108,-32,1,140,109,-32
109,-1,-1,-1,-1,2,2,0,0
110,0,0,0,0,0,0,0,0
111,0,0,0,0,0,0,0,0
112,0,0,98,30,0,128,98,30
113,-1,0,-1,0,1,1,0,0
114,-1,0,-1,0,1,1,0,0
115,0,0,0,0,0,0,0,0
116,-1,0,103,16,1,119,104,16
117,0,0,0,0,0,0,0,0
118,-1,0,-1,0,1,1,0,0
119,0,0,0,0,0,0,0,0
120,0,0,18,-20,0,38,18,-20
121,-1,0,-1,0,1,1,0,0
122,0,0,0,0,0,0,0,0
123,0,0,0,0,0,0,0,0
124,0,0,-5,-16,0,21,-5,-16
125,-1,0,-1,0,1,1,0,0
126,0,0,0,0,0,0,0,0
127,0,0,0,0,0,0,0,0
128,0,0,30,-19,0,49,30,-19
129,0,0,0,0,0,0,0,0
130,-1,0,-1,0,1,1,0,0
131,0,0,0,0,0,0,0,0
132,0,0,-2,-16,0,18,-2,-16
133,0,0,0,0,0,0,0,0
134,-1,-1,-1,-1,2,2,0,0
135,0,0,0,0,0,0,0,0
136,0,0,35,-47,0,82,35,-47
137,0,0,0,0,0,0,0,0
138,-1,0,-1,0,1,1,0,0
139,0,0,0,0,0,0,0,0
140,0,0,87,-10,0,97,87,-10
141,-1,-1,-1,-1,2,2,0,0
142,0,0,0,0,0,0,0,0
143,0,0,0,0,0,0,0,0
144,0,0,70,-60,0,130,70,-60
145,0,0,0,0,0,0,0,0
146,-1,-1,-1,-1,2,2,0,0
147,0,0,0,0,0,0,0,0
148,0,0,134,78,0,212,134,78
149,0,0,0,0,0,0,0,0
150,-1,-1,-1,-1,2,2,0,0
151,0,0,0,0,0,0,0,0
152,0,0,70,-30,0,100,70,-30
153,-1,-1,-1,-1,2,2,0,0
154,0,0,0,0,0,0,0,0
155,0,0,0,0,0,0,0,0
156,-1,0,52,38,1,90,53,38
157,-1,-1,-1,-1,2,2,0,0
158,0,0,0,0,0,0,0,0
159,0,0,0,0,0,0,0,0
160,0,0,38,70,0,108,38,70
161,0,0,0,0,0,0,0,0
162,-1,0,-1,0,1,1,0,0
163,0,0,0,0,0,0,0,0
164,-1,0,85,32,1,117,86,32
165,0,0,0,0,0,0,0,0
166,-1,0,-1,0,1,1,0,0
167,0,0,0,0,0,0,0,0
168,0,0,190,-59,0,249,190,-59
169,0,0,0,0,0,0,0,0
170,-1,0,-1,0,1,1,0,0
171,0,0,0,0,0,0,0,0
172,-1,0,87,-3,1,90,88,-3
173,-1,-1,-1,-1,2,2,0,0
174,0,0,0,0,0,0,0,0
175,0,0,0,0,0,0,0,0
176,0,0,93,-15,0,108,93,-15
177,-1,-1,-1,-1,2,2,0,0
178,-1,0,-1,0,1,1,0,0
179,0,0,0,0,0,0,0,0
180,0,0,100,39,0,139,100,39
181,0,0,0,0,0,0,0,0
182,-1,-1,-1,-1,2,2,0,0
183,0,0,0,0,0,0,0,0
184,0,0,21,14,0,35,21,14
185,-1,-1,-1,-1,2,2,0,0
186,0,0,0,0,0,0,0,0
187,0,0,0,0,0,0,0,0
188,-1,0,53,4,1,57,54,4
189,-1,-1,-1,-1,2,2,0,0
190,0,0,0,0,0,0,0,0
191,0,0,0,0,0,0,0,0
192,0,0,67,12,0,79,67,12
193,-1,0,-1,0,1,1,0,0
194,-1,0,-1,0,1,1,0,0
195,0,0,0,0,0,0,0,0
196,-1,0,75,2,1,77,76,2
197,0,0,0,0,0,0,0,0
198,-1,0,-1,0,1,1,0,0
199,0,0,0,0,0,0,0,0
200,0,0,11,-44,0,55,11,-44
201,0,0,0,0,0,0,0,0
202,-1,0,-1,0,1,1,0,0
203,0,0,0,0,0,0,0,0
204,-1,0,6,-18,1,24,7,-18
205,-1,-1,-1,-1,2,2,0,0
206,-1,0,-1,0,1,1,0,0
207,0,0,0,0,0,0,0,0
208,0,0,57,60,0,117,57,60
209,0,0,0,0,0,0,0,0
210,-1,0,-1,0,1,1,0,0
211,0,0,0,0,0,0,0,0
212,-1,0,144,16,1,160,145,16
213,0,0,0,0,0,0,0,0
214,-1,-1,-1,-1,2,2,0,0
215,0,0,0,0,0,0,0,0
216,0,0,115,-36,0,151,115,-36
217,-1,-1,-1,-1,2,2,0,0
218,-1,0,-1,0,1,1,0,0
219,0,0,0,0,0,0,0,0
220,0,0,43,-5,0,48,43,-5
221,-1,-1,-1,-1,2,2,0,0
222,0,0,0,0,0,0,0,0
223,0,0,0,0,0,0,0,0
224,0,0,84,1,0,85,84,1
225,-1,0,-1,0,1,1,0,0
226,-1,0,-1,0,1,1,0,0
227,0,0,0,0,0,0,0,0
228,-1,0,70,36,1,106,71,36
229,0,0,0,0,0,0,0,0
230,-1,0,-1,0,1,1,0,0
231,0,0,0,0,0,0,0,0
232,0,0,91,25,0,116,91,25
233,0,0,0,0,0,0,0,0
234,-1,0,-1,0,1,1,0,0
235,0,0,0,0,0,0,0,0
236,-1,0,-12,-71,1,83,-11,-71
237,-1,-1,-1,-1,2,2,0,0
238,0,0,0,0,0,0,0,0
239,0,0,0,0,0,0,0,0
240,0,0,39,-18,0,57,39,-18
241,-1,0,-1,0,1,1,0,0
242,-1,0,-1,0,1,1,0,0
243,0,0,0,0,0,0,0,0
244,0,0,88,-45,0,133,88,-45
245,0,0,0,0,0,0,0,0
246,-1,0,-1,0,1,1,0,0
247,0,0,0,0,0,0,0,0
248,0,0,-4,-8,0,12,-4,-8
249,-1,0,-1,0,1,1,0,0
250,0,0,0,0,0,0,0,0
251,0,0,0,0,0,0,0,0
252,0,0,14,41,0,55,14,41
253,-1,0,-1,0,1,1,0,0
254,0,0,0,0,0,0,0,0
255,0,0,0,0,0,0,0,0
256,0,0,45,-19,0,64,45,-19
257,0,0,0,0,0,0,0,0
258,0,0,0,0,0,0,0,0
259,0,0,0,0,0,0,0,0
260,0,0,-22,-50,0,72,-22,-50
261,0,0,0,0,0,0,0,0
262,-1,0,-1,0,1,1,0,0
263,0,0,0,0,0,0,0,0
264,0,0,-3,-8,0,11,-3,-8
265,0,0,0,0,0,0,0,0
266,0,0,0,0,0,0,0,0
267,0,0,0,0,0,0,0,0
268,0,0,83,88,0,171,83,88
269,-1,0,-1,0,1,1,0,0
270,0,0,0,0,0,0,0,0
271,0,0,0,0,0,0,0,0
272,0,0,44,-34,0,78,44,-34
273,0,0,0,0,0,0,0,0
274,-1,0,-1,0,1,1,0,0
275,0,0,0,0,0,0,0,0
276,0,0,52,66,0,118,52,66
277,0,0,0,0,0,0,0,0
278,-1,0,-1,0,1,1,0,0
279,0,0,0,0,0,0,0,0
280,0,0,74,-22,0,96,74,-22
281,-1,0,-1,0,1,1,0,0
282,0,0,0,0,0,0,0,0
283,0,0,0,0,0,0,0,0
284,-1,0,90,-31,1,121,91,-31
285,-1,0,-1,0,1,1,0,0
286,0,0,0,0,0,0,0,0
287,0,0,0,0,0,0,0,0
288,0,0,60,-45,0,105,60,-45
289,0,0,0,0,0,0,0,0
290,-1,0,-1,0,1,1,0,0
291,0,0,0,0,0,0,0,0
292,0,0,78,-9,0,87,78,-9
293,0,0,0,0,0,0,0,0
294,-1,0,-1,0,1,1,0,0
295,0,0,0,0,0,0,0,0
296,0,0,115,48,0,163,115,48
297,0,0,0,0,0,0,0,0
298,-1,0,-1,0,1,1,0,0
299,0,0,0,0,0,0,0,0
300,0,0,193,20,0,213,193,20
301,-1,0,-1,0,1,1,0,0
302,0,0,0,0,0,0,0,0
303,0,0,0,0,0,0,0,0
304,0,0,95,-39,0,134,95,-39
305,-1,0,-1,0,1,1,0,0
306,-1,0,-1,0,1,1,0,0
307,0,0,0,0,0,0,0,0
308,0,0,22,86,0,108,22,86
309,0,0,0,0,0,0,0,0
310,-1,0,-1,0,1,1,0,0
311,0,0,0,0,0,0,0,0
312,0,0,38,44,0,82,38,44
313,-1,0,-1,0,1,1,0,0
314,0,0,0,0,0,0,0,0
315,0,0,0,0,0,0,0,0
316,0,0,124,57,0,181,124,57
317,-1,0,-1,0,1,1,0,0
318,0,0,0,0,0,0,0,0
319,0,0,0,0,0,0,0,0
320,0,0,68,54,0,122,68,54
321,0,0,0,0,0,0,0,0
322,0,0,0,0,0,0,0,0
323,0,0,0,0,0,0,0,0
324,-1,0,70,41,1,111,71,41
325,0,0,0,0,0,0,0,0
326,-1,0,-1,0,1,1,0,0
327,0,0,0,0,0,0,0,0
328,0,0,87,29,0,116,87,29
329,0,0,0,0,0,0,0,0
330,0,0,0,0,0,0,0,0
331,0,0,0,0,0,0,0,0
332,-1,0,26,-22,1,48,27,-22
333,-1,-1,-1,-1,2,2,0,0
334,0,0,0,0,0,0,0,0
335,0,0,0,0,0,0,0,0
336,0,0,160,-40,0,200,160,-40
337,0,0,0,0,0,0,0,0
338,0,0,0,0,0,0,0,0
339,0,0,0,0,0,0,0,0
340,-1,0,142,-2,1,144,143,-2
341,0,0,0,0,0,0,0,0
342,-1,-1,-1,-1,2,2,0,0
343,0,0,0,0,0,0,0,0
344,0,0,107,-31,0,138,107,-31
345,-1,-1,-1,-1,2,2,0,0
346,-1,0,-1,0,1,1,0,0
347,0,0,0,0,0,0,0,0
348,0,0,89,1,0,90,89,1
349,-1,-1,-1,-1,2,2,0,0
350,0,0,0,0,0,0,0,0
351,0,0,0,0,0,0,0,0
352,0,0,117,-6,0,123,117,-6
353,-1,0,-1,0,1,1,0,0
354,-1,0,-1,0,1,1,0,0
355,0,0,0,0,0,0,0,0
356,-1,0,57,-15,1,72,58,-15
357,0,0,0,0,0,0,0,0
358,-1,0,-1,0,1,1,0,0
359,0,0,0,0,0,0,0,0
360,0,0,96,28,0,124,96,28
361,0,0,0,0,0,0,0,0
362,-1,0,-1,0,1,1,0,0
363,0,0,0,0,0,0,0,0
364,0,0,60,-90,0,150,60,-90
365,-1,-1,-1,-1,2,2,0,0
366,0,0,0,0,0,0,0,0
367,0,0,0,0,0,0,0,0
368,0,0,44,-6,0,50,44,-6
369,-1,0,-1,0,1,1,0,0
370,-1,0,-1,0,1,1,0,0
371,0,0,0,0,0,0,0,0
372,0,0,54,11,0,65,54,11
373,0,0,0,0,0,0,0,0
374,-1,0,-1,0,1,1,0,0
375,0,0,0,0,0,0,0,0
376,0,0,59,-16,0,75,59,-16
377,-1,0,-1,0,1,1,0,0
378,0,0,0,0,0,0,0,0
379,0,0,0,0,0,0,0,0
380,0,0,-4,-5,0,9,-4,-5
381,-1,0,-1,0,1,1,0,0
382,0,0,0,0,0,0,0,0
383,0,0,0,0,0,0,0,0
384,0,0,67,-14,0,81,67,-14
385,-1,0,-1,0,1,1,0,0
386,0,0,0,0,0,0,0,0
387,0,0,0,0,0,0,0,0
388,0,0,-3,-5,0,8,-3,-5
389,0,0,0,0,0,0,0,0
390,-1,0,-1,0,1,1,0,0
391,0,0,0,0,0,0,0,0
392,0,0,70,-21,0,91,70,-21
393,0,0,0,0,0,0,0,0
394,0,0,0,0,0,0,0,0
395,0,0,0,0,0,0,0,0
396,0,0,9,-10,0,19,9,-10
397,-1,0,-1,0,1,1,0,0
398,-1,0,-1,0,1,1,0,0
399,0,0,0,0,0,0,0,0
400,0,0,-1,-24,0,25,-1,-24
401,0,0,0,0,0,0,0,0
402,-1,0,-1,0,1,1,0,0
403,0,0,0,0,0,0,0,0
404,0,0,99,2,0,101,99,2
405,0,0,0,0,0,0,0,0
406,-1,0,-1,0,1,1,0,0
407,0,0,0,0,0,0,0,0
408,0,0,32,-21,0,53,32,-21
409,-1,0,-1,0,1,1,0,0
410,-1,0,-1,0,1,1,0,0
411,0,0,0,0,0,0,0,0
412,0,0,-22,-9,0,31,-22,-9
413,-1,0,-1,0,1,1,0,0
414,-1,0,-1,0,1,1,0,0
415,0,0,0,0,0,0,0,0
416,0,0,49,52,0,101,49,52
417,0,0,0,0,0,0,0,0
418,0,0,0,0,0,0,0,0
419,0,0,0,0,0,0,0,0
420,-1,0,63,33,1,96,64,33
421,0,0,0,0,0,0,0,0
422,-1,0,-1,0,1,1,0,0
423,0,0,0,0,0,0,0,0
424,0,0,118,5,0,123,118,5
425,0,0,0,0,0,0,0,0
426,-1,0,-1,0,1,1,0,0
427,0,0,0,0,0,0,0,0
428,0,0,143,22,0,165,143,22
429,-1,0,-1,0,1,1,0,0
430,0,0,0,0,0,0,0,0
431,0,0,0,0,0,0,0,0
432,0,0,94,-17,0,111,94,-17
433,-1,0,-1,0,1,1,0,0
434,-1,0,-1,0,1,1,0,0
435,0,0,0,0,0,0,0,0
436,0,0,103,47,0,150,103,47
437,0,0,0,0,0,0,0,0
438,-1,0,-1,0,1,1,0,0
439,0,0,0,0,0,0,0,0
440,0,0,32,22,0,54,32,22
441,-1,0,-1,0,1,1,0,0
442,0,0,0,0,0,0,0,0
443,0,0,0,0,0,0,0,0
444,0,0,44,14,0,58,44,14
445,-1,0,-1,0,1,1,0,0
446,0,0,0,0,0,0,0,0
447,0,0,0,0,0,0,0,0
448,0,0,53,17,0,70,53,17
449,-1,0,-1,0,1,1,0,0
450,0,0,0,0,0,0,0,0
451,0,0,0,0,0,0,0,0
452,0,0,56,13,0,69,56,13
453,0,0,0,0,0,0,0,0
454,-1,0,-1,0,1,1,0,0
455,0,0,0,0,0,0,0,0
456,0,0,53,37,0,90,53,37
457,0,0,0,0,0,0,0,0
458,0,0,0,0,0,0,0,0
459,0,0,0,0,0,0,0,0
460,0,0,83,-36,0,119,83,-36
461,-1,0,-1,0,1,1,0,0
462,-1,0,-1,0,1,1,0,0
463,0,0,0,0,0,0,0,0
464,0,0,62,27,0,89,62,27
465,0,0,0,0,0,0,0,0
466,0,0,0,0,0,0,0,0
467,0,0,0,0,0,0,0,0
468,0,0,46,27,0,73,46,27
469,0,0,0,0,0,0,0,0
470,-1,0,-1,0,1,1,0,0
471,0,0,0,0,0,0,0,0
472,0,0,13,-46,0,59,13,-46
473,-1,0,-1,0,1,1,0,0
474,0,0,0,0,0,0,0,0
475,0,0,0,0,0,0,0,0
476,0,0,41,78,0,119,41,78
477,-1,0,-1,0,1,1,0,0
478,0,0,0,0,0,0,0,0
479,0,0,0,0,0,0,0,0
480,0,0,60,3,0,63,60,3
481,-1,0,-1,0,1,1,0,0
482,0,0,0,0,0,0,0,0
483,0,0,0,0,0,0,0,0
484,0,0,60,-46,0,106,60,-46
485,0,0,0,0,0,0,0,0
486,-1,0,-1,0,1,1,0,0
487,0,0,0,0,0,0,0,0
488,0,0,67,-52,0,119,67,-52
489,0,0,0,0,0,0,0,0
490,0,0,0,0,0,0,0,0
491,0,0,0,0,0,0,0,0
492,0,0,72,-51,0,123,72,-51
493,-1,0,-1,0,1,1,0,0
494,0,0,0,0,0,0,0,0
495,0,0,0,0,0,0,0,0
496,0,0,-4,-3,0,7,-4,-3
497,-1,0,-1,0,1,1,0,0
498,0,0,0,0,0,0,0,0
499,0,0,0,0,0,0,0,0
500,0,0,64,-60,0,124,64,-60
501,0,0,0,0,0,0,0,0
502,-1,0,-1,0,1,1,0,0
503,0,0,0,0,0,0,0,0
504,0,0,-4,62,0,66,-4,62
505,-1,0,-1,0,1,1,0,0
506,0,0,0,0,0,0,0,0
507,0,0,0,0,0,0,0,0
508,0,0,-2,63,0,65,-2,63
509,-1,0,-1,0,1,1,0,0
510,0,0,0,0,0,0,0,0
511,0,0,0,0,0,0,0,0
512,0,0,64,-1,0,65,64,-1
513,0,0,0,0,0,0,0,0
514,0,0,0,0,0,0,0,0
515,0,0,0,0,0,0,0,0
516,0,0,-2,-65,0,67,-2,-65
517,0,0,0,0,0,0,0,0
518,-1,0,-1,0,1,1,0,0
519,0,0,0,0,0,0,0,0
520,0,0,-3,-66,0,69,-3,-66
521,0,0,0,0,0,0,0,0
522,0,0,0,0,0,0,0,0
523,0,0,0,0,0,0,0,0
524,0,0,68,60,0,128,68,60
525,-1,0,-1,0,1,1,0,0
526,0,0,0,0,0,0,0,0
527,0,0,0,0,0,0,0,0
528,0,0,-3,-4,0,7,-3,-4
529,0,0,0,0,0,0,0,0
530,-1,0,-1,0,1,1,0,0
531,0,0,0,0,0,0,0,0
532,0,0,76,64,0,140,76,64
533,0,0,0,0,0,0,0,0
534,-1,0,-1,0,1,1,0,0
535,0,0,0,0,0,0,0,0
536,0,0,75,58,0,133,75,58
537,-1,0,-1,0,1,1,0,0
538,0,0,0,0,0,0,0,0
539,0,0,0,0,0,0,0,0
540,0,0,81,49,0,130,81,49
541,-1,0,-1,0,1,1,0,0
542,0,0,0,0,0,0,0,0
543,0,0,0,0,0,0,0,0
544,0,0,61,-10,0,71,61,-10
545,0,0,0,0,0,0,0,0
546,-1,0,-1,0,1,1,0,0
547,0,0,0,0,0,0,0,0
548,0,0,63,-84,0,147,63,-84
549,0,0,0,0,0,0,0,0
550,-1,0,-1,0,1,1,0,0
551,0,0,0,0,0,0,0,0
552,0,0,23,68,0,91,23,68
553,0,0,0,0,0,0,0,0
554,-1,0,-1,0,1,1,0,0
555,0,0,0,0,0,0,0,0
556,0,0,80,-24,0,104,80,-24
557,-1,0,-1,0,1,1,0,0
558,0,0,0,0,0,0,0,0
559,0,0,0,0,0,0,0,0
560,0,0,79,-11,0,90,79,-11
561,-1,0,-1,0,1,1,0,0
562,-1,0,-1,0,1,1,0,0
563,0,0,0,0,0,0,0,0
564,0,0,87,61,0,148,87,61
565,0,0,0,0,0,0,0,0
566,-1,0,-1,0,1,1,0,0
567,0,0,0,0,0,0,0,0
568,0,0,85,-20,0,105,85,-20
569,-1,0,-1,0,1,1,0,0
570,0,0,0,0,0,0,0,0
571,0,0,0,0,0,0,0,0
572,0,0,64,-18,0,82,64,-18
573,-1,0,-1,0,1,1,0,0
574,0,0,0,0,0,0,0,0
575,0,0,0,0,0,0,0,0
576,0,0,66,-20,0,86,66,-20
577,0,0,0,0,0,0,0,0
578,-1,0,-1,0,1,1,0,0
579,0,0,0,0,0,0,0,0
580,0,0,63,-28,0,91,63,-28
581,0,0,0,0,0,0,0,0
582,-1,0,-1,0,1,1,0,0
583,0,0,0,0,0,0,0,0
584,0,0,69,-39,0,108,69,-39
585,0,0,0,0,0,0,0,0
586,-1,0,-1,0,1,1,0,0
587,0,0,0,0,0,0,0,0
588,0,0,138,-47,0,185,138,-47
589,-1,0,-1,0,1,1,0,0
590,0,0,0,0,0,0,0,0
591,0,0,0,0,0,0,0,0
592,0,0,100,59,0,159,100,59
593,0,0,0,0,0,0,0,0
594,-1,0,-1,0,1,1,0,0
595,0,0,0,0,0,0,0,0
596,0,0,115,-18,0,133,115,-18
597,0,0,0,0,0,0,0,0
598,-1,0,-1,0,1,1,0,0
599,0,0,0,0,0,0,0,0
600,0,0,165,10,0,175,165,10
601,-1,0,-1,0,1,1,0,0
602,0,0,0,0,0,0,0,0
603,0,0,0,0,0,0,0,0
604,0,0,72,-17,0,89,72,-17
605,-1,0,-1,0,1,1,0,0
606,0,0,0,0,0,0,0,0
607,0,0,0,0,0,0,0,0
608,0,0,86,-28,0,114,86,-28
609,-1,0,-1,0,1,1,0,0
610,0,0,0,0,0,0,0,0
611,0,0,0,0,0,0,0,0
612,0,0,-6,-16,0,22,-6,-16
613,0,0,0,0,0,0,0,0
614,-1,0,-1,0,1,1,0,0
615,0,0,0,0,0,0,0,0
616,0,0,49,69,0,118,49,69
617,0,0,0,0,0,0,0,0
618,0,0,0,0,0,0,0,0
619,0,0,0,0,0,0,0,0
620,0,0,47,7,0,54,47,7
621,-1,0,-1,0,1,1,0,0
622,0,0,0,0,0,0,0,0
623,0,0,0,0,0,0,0,0
624,0,0,47,44,0,91,47,44
625,-1,0,-1,0,1,1,0,0
626,0,0,0,0,0,0,0,0
627,0,0,0,0,0,0,0,0
628,0,0,57,50,0,107,57,50
629,0,0,0,0,0,0,0,0
630,-1,0,-1,0,1,1,0,0
631,0,0,0,0,0,0,0,0
632,0,0,93,28,0,121,93,28
633,-1,0,-1,0,1,1,0,0
634,0,0,0,0,0,0,0,0
635,0,0,0,0,0,0,0,0
636,0,0,-4,-2,0,6,-4,-2
637,-1,0,-1,0,1,1,0,0
638,0,0,0,0,0,0,0,0
639,0,0,0,0,0,0,0,0
640,0,0,97,24,0,121,97,24
641,0,0,0,0,0,0,0,0
642,0,0,0,0,0,0,0,0
643,0,0,0,0,0,0,0,0
644,0,0,-3,-3,0,6,-3,-3
645,0,0,0,0,0,0,0,0
646,-1,0,-1,0,1,1,0,0
647,0,0,0,0,0,0,0,0
648,0,0,95,16,0,111,95,16
649,0,0,0,0,0,0,0,0
650,0,0,0,0,0,0,0,0
651,0,0,0,0,0,0,0,0
652,0,0,112,12,0,124,112,12
653,-1,0,-1,0,1,1,0,0
654,0,0,0,0,0,0,0,0
655,0,0,0,0,0,0,0,0
656,0,0,101,4,0,105,101,4
657,0,0,0,0,0,0,0,0
658,-1,0,-1,0,1,1,0,0
659,0,0,0,0,0,0,0,0
660,0,0,111,53,0,164,111,53
661,0,0,0,0,0,0,0,0
662,-1,0,-1,0,1,1,0,0
663,0,0,0,0,0,0,0,0
664,0,0,57,-5,0,62,57,-5
665,-1,0,-1,0,1,1,0,0
666,0,0,0,0,0,0,0,0
667,0,0,0,0,0,0,0,0
668,0,0,55,73,0,128,55,73
669,-1,0,-1,0,1,1,0,0
670,0,0,0,0,0,0,0,0
671,0,0,0,0,0,0,0,0
672,0,0,137,-20,0,157,137,-20
673,0,0,0,0,0,0,0,0
674,0,0,0,0,0,0,0,0
675,0,0,0,0,0,0,0,0
676,0,0,140,-38,0,178,140,-38
677,0,0,0,0,0,0,0,0
678,0,0,0,0,0,0,0,0
679,0,0,0,0,0,0,0,0
680,0,0,121,-29,0,150,121,-29
681,0,0,0,0,0,0,0,0
682,0,0,0,0,0,0,0,0
683,0,0,0,0,0,0,0,0
684,0,0,99,54,0,153,99,54
685,-1,0,-1,0,1,1,0,0
686,0,0,0,0,0,0,0,0
687,0,0,0,0,0,0,0,0
688,0,0,114,-2,0,116,114,-2
689,-1,0,-1,0,1,1,0,0
690,-1,0,-1,0,1,1,0,0
691,0,0,0,0,0,0,0,0
692,0,0,87,-14,0,101,87,-14
693,0,0,0,0,0,0,0,0
694,-1,0,-1,0,1,1,0,0
695,0,0,0,0,0,0,0,0
696,0,0,115,19,0,134,115,19
697,-1,0,-1,0,1,1,0,0
698,0,0,0,0,0,0,0,0
699,0,0,0,0,0,0,0,0
700,0,0,121,8,0,129,121,8
701,-1,0,-1,0,1,1,0,0
702,0,0,0,0,0,0,0,0
703,0,0,0,0,0,0,0,0
704,0,0,127,6,0,133,127,6
705,-1,0,-1,0,1,1,0,0
706,0,0,0,0,0,0,0,0
707,0,0,0,0,0,0,0,0
708,0,0,63,1,0,64,63,1
709,0,0,0,0,0,0,0,0
710,-1,0,-1,0,1,1,0,0
711,0,0,0,0,0,0,0,0
712,0,0,56,-45,0,101,56,-45
713,0,0,0,0,0,0,0,0
714,0,0,0,0,0,0,0,0
715,0,0,0,0,0,0,0,0
716,0,0,77,-53,0,130,77,-53
717,-1,0,-1,0,1,1,0,0
718,-1,0,-1,0,1,1,0,0
719,0,0,0,0,0,0,0,0
720,0,0,76,16,0,92,76,16
721,0,0,0,0,0,0,0,0
722,0,0,0,0,0,0,0,0
723,0,0,0,0,0,0,0,0
724,0,0,137,-1,0,138,137,-1
725,0,0,0,0,0,0,0,0
726,-1,0,-1,0,1,1,0,0
727,0,0,0,0,0,0,0,0
728,0,0,86,-72,0,158,86,-72
729,-1,0,-1,0,1,1,0,0
730,0,0,0,0,0,0,0,0
731,0,0,0,0,0,0,0,0
732,0,0,60,68,0,128,60,68
733,-1,0,-1,0,1,1,0,0
734,0,0,0,0,0,0,0,0
735,0,0,0,0,0,0,0,0
736,0,0,73,-5,0,78,73,-5
737,-1,0,-1,0,1,1,0,0
738,0,0,0,0,0,0,0,0
739,0,0,0,0,0,0,0,0
740,0,0,79,8,0,87,79,8
741,0,0,0,0,0,0,0,0
742,0,0,0,0,0,0,0,0
743,0,0,0,0,0,0,0,0
744,0,0,83,-1,0,84,83,-1
745,0,0,0,0,0,0,0,0
746,0,0,0,0,0,0,0,0
747,0,0,0,0,0,0,0,0
748,0,0,-5,-70,0,75,-5,-70
749,-1,0,-1,0,1,1,0,0
750,0,0,0,0,0,0,0,0
751,0,0,0,0,0,0,0,0
752,0,0,77,-16,0,93,77,-16
753,-1,0,-1,0,1,1,0,0
754,0,0,0,0,0,0,0,0
755,0,0,0,0,0,0,0,0
756,0,0,66,-28,0,94,66,-28
757,0,0,0,0,0,0,0,0
758,-1,0,-1,0,1,1,0,0
759,0,0,0,0,0,0,0,0
760,0,0,-4,-2,0,6,-4,-2
761,-1,0,-1,0,1,1,0,0
762,0,0,0,0,0,0,0,0
763,0,0,0,0,0,0,0,0
764,0,0,16,81,0,97,16,81
765,-1,0,-1,0,1,1,0,0
766,0,0,0,0,0,0,0,0
767,0,0,0,0,0,0,0,0
768,0,0,82,-19,0,101,82,-19
769,0,0,0,0,0,0,0,0
770,0,0,0,0,0,0,0,0
771,0,0,0,0,0,0,0,0
772,0,0,-22,-85,0,107,-22,-85
773,0,0,0,0,0,0,0,0
774,0,0,0,0,0,0,0,0
775,0,0,0,0,0,0,0,0
776,0,0,-3,-2,0,5,-3,-2
777,0,0,0,0,0,0,0,0
778,0,0,0,0,0,0,0,0
779,0,0,0,0,0,0,0,0
780,0,0,46,59,0,105,46,59
781,-1,0,-1,0,1,1,0,0
782,0,0,0,0,0,0,0,0
783,0,0,0,0,0,0,0,0
784,0,0,82,-25,0,107,82,-25
785,0,0,0,0,0,0,0,0
786,0,0,0,0,0,0,0,0
787,0,0,0,0,0,0,0,0
788,0,0,37,20,0,57,37,20
789,0,0,0,0,0,0,0,0
790,0,0,0,0,0,0,0,0
791,0,0,0,0,0,0,0,0
792,0,0,33,-31,0,64,33,-31
793,0,0,0,0,0,0,0,0
794,0,0,0,0,0,0,0,0
795,0,0,0,0,0,0,0,0
796,0,0,36,-39,0,75,36,-39
797,-1,0,-1,0,1,1,0,0
798,0,0,0,0,0,0,0,0
799,0,0,0,0,0,0,0,0
800,0,0,23,-34,0,57,23,-34
801,0,0,0,0,0,0,0,0
802,0,0,0,0,0,0,0,0
803,0,0,0,0,0,0,0,0
804,0,0,21,-49,0,70,21,-49
805,0,0,0,0,0,0,0,0
806,0,0,0,0,0,0,0,0
807,0,0,0,0,0,0,0,0
808,0,0,73,-3,0,76,73,-3
809,0,0,0,0,0,0,0,0
810,0,0,0,0,0,0,0,0
811,0,0,0,0,0,0,0,0
812,0,0,91,6,0,97,91,6
813,-1,0,-1,0,1,1,0,0
814,0,0,0,0,0,0,0,0
815,0,0,0,0,0,0,0,0
816,0,0,41,-45,0,86,41,-45
817,-1,0,-1,0,1,1,0,0
818,0,0,0,0,0,0,0,0
819,0,0,0,0,0,0,0,0
820,0,0,58,22,0,80,58,22
821,0,0,0,0,0,0,0,0
822,-1,0,-1,0,1,1,0,0
823,0,0,0,0,0,0,0,0
824,0,0,-14,3,0,17,-14,3
825,-1,0,-1,0,1,1,0,0
826,0,0,0,0,0,0,0,0
827,0,0,0,0,0,0,0,0
828,0,0,64,43,0,107,64,43
829,-1,0,-1,0,1,1,0,0
830,0,0,0,0,0,0,0,0
831,0,0,0,0,0,0,0,0
832,0,0,67,39,0,106,67,39
833,0,0,0,0,0,0,0,0
834,0,0,0,0,0,0,0,0
835,0,0,0,0,0,0,0,0
836,0,0,65,34,0,99,65,34
837,0,0,0,0,0,0,0,0
838,-1,0,-1,0,1,1,0,0
839,0,0,0,0,0,0,0,0
840,0,0,68,24,0,92,68,24
841,0,0,0,0,0,0,0,0
842,0,0,0,0,0,0,0,0
843,0,0,0,0,0,0,0,0
844,0,0,93,-18,0,111,93,-18
845,-1,0,-1,0,1,1,0,0
846,0,0,0,0,0,0,0,0
847,0,0,0,0,0,0,0,0
848,0,0,141,-3,0,144,141,-3
849,0,0,0,0,0,0,0,0
850,0,0,0,0,0,0,0,0
851,0,0,0,0,0,0,0,0
852,0,0,127,58,0,185,127,58
853,0,0,0,0,0,0,0,0
854,-1,0,-1,0,1,1,0,0
855,0,0,0,0,0,0,0,0
856,0,0,129,20,0,149,129,20
857,-1,0,-1,0,1,1,0,0
858,0,0,0,0,0,0,0,0
859,0,0,0,0,0,0,0,0
860,0,0,88,-26,0,114,88,-26
861,-1,0,-1,0,1,1,0,0
862,0,0,0,0,0,0,0,0
863,0,0,0,0,0,0,0,0
864,0,0,97,-39,0,136,97,-39
865,-1,0,-1,0,1,1,0,0
866,0,0,0,0,0,0,0,0
867,0,0,0,0,0,0,0,0
868,0,0,24,-52,0,76,24,-52
869,0,0,0,0,0,0,0,0
870,-1,0,-1,0,1,1,0,0
871,0,0,0,0,0,0,0,0
872,0,0,121,47,0,168,121,47
873,0,0,0,0,0,0,0,0
874,0,0,0,0,0,0,0,0
875,0,0,0,0,0,0,0,0
876,0,0,96,-19,0,115,96,-19
877,-1,0,-1,0,1,1,0,0
878,0,0,0,0,0,0,0,0
879,0,0,0,0,0,0,0,0
880,0,0,50,30,0,80,50,30
881,-1,0,-1,0,1,1,0,0
882,0,0,0,0,0,0,0,0
883,0,0,0,0,0,0,0,0
884,0,0,61,33,0,94,61,33
885,0,0,0,0,0,0,0,0
886,-1,0,-1,0,1,1,0,0
887,0,0,0,0,0,0,0,0
888,0,0,54,21,0,75,54,21
889,-1,0,-1,0,1,1,0,0
890,0,0,0,0,0,0,0,0
891,0,0,0,0,0,0,0,0
892,0,0,-4,-1,0,5,-4,-1
893,-1,0,-1,0,1,1,0,0
894,0,0,0,0,0,0,0,0
895,0,0,0,0,0,0,0,0
896,0,0,60,18,0,78,60,18
897,0,0,0,0,0,0,0,0
898,0,0,0,0,0,0,0,0
899,0,0,0,0,0,0,0,0
900,0,0,-4,-1,0,5,-4,-1
901,0,0,0,0,0,0,0,0
902,0,0,0,0,0,0,0,0
903,0,0,0,0,0,0,0,0
904,0,0,60,15,0,75,60,15
905,0,0,0,0,0,0,0,0
906,0,0,0,0,0,0,0,0
907,0,0,0,0,0,0,0,0
908,0,0,78,-34,0,112,78,-34
909,0,0,0,0,0,0,0,0
910,0,0,0,0,0,0,0,0
911,0,0,0,0,0,0,0,0
912,0,0,69,28,0,97,69,28
913,0,0,0,0,0,0,0,0
914,0,0,0,0,0,0,0,0
915,0,0,0,0,0,0,0,0
916,0,0,122,39,0,161,122,39
917,0,0,0,0,0,0,0,0
918,0,0,0,0,0,0,0,0
919,0,0,0,0,0,0,0,0
920,0,0,85,-49,0,134,85,-49
921,0,0,0,0,0,0,0,0
922,0,0,0,0,0,0,0,0
923,0,0,0,0,0,0,0,0
924,0,0,-13,69,0,82,-13,69
925,0,0,0,0,0,0,0,0
926,0,0,0,0,0,0,0,0
927,0,0,0,0,0,0,0,0
928,0,0,70,19,0,89,70,19
929,0,0,0,0,0,0,0,0
930,0,0,0,0,0,0,0,0
931,0,0,0,0,0,0,0,0
932,0,0,4,5,0,9,4,5
933,0,0,0,0,0,0,0,0
934,0,0,0,0,0,0,0,0
935,0,0,0,0,0,0,0,0
936,0,0,63,25,0,88,63,25
937,0,0,0,0,0,0,0,0
938,0,0,0,0,0,0,0,0
939,0,0,0,0,0,0,0,0
940,0,0,183,50,0,233,183,50
941,-1,0,-1,0,1,1,0,0
942,0,0,0,0,0,0,0,0
943,0,0,0,0,0,0,0,0
944,0,0,18,-57,0,75,18,-57
945,-1,0,-1,0,1,1,0,0
946,0,0,0,0,0,0,0,0
947,0,0,0,0,0,0,0,0
948,0,0,59,17,0,76,59,17
949,0,0,0,0,0,0,0,0
950,-1,0,-1,0,1,1,0,0
951,0,0,0,0,0,0,0,0
952,0,0,52,80,0,132,52,80
953,-1,0,-1,0,1,1,0,0
954,0,0,0,0,0,0,0,0
955,0,0,0,0,0,0,0,0
956,0,0,55,72,0,127,55,72
957,-1,0,-1,0,1,1,0,0
958,0,0,0,0,0,0,0,0
959,0,0,0,0,0,0,0,0
960,0,0,60,6,0,66,60,6
961,0,0,0,0,0,0,0,0
962,0,0,0,0,0,0,0,0
963,0,0,0,0,0,0,0,0
964,0,0,-4,3,0,7,-4,3
965,0,0,0,0,0,0,0,0
966,0,0,0,0,0,0,0,0
967,0,0,0,0,0,0,0,0
968,0,0,70,-48,0,118,70,-48
969,0,0,0,0,0,0,0,0
970,0,0,0,0,0,0,0,0
971,0,0,0,0,0,0,0,0
972,0,0,11,-61,0,72,11,-61
973,0,0,0,0,0,0,0,0
974,0,0,0,0,0,0,0,0
975,0,0,0,0,0,0,0,0
976,0,0,71,-56,0,127,71,-56
977,0,0,0,0,0,0,0,0
978,0,0,0,0,0,0,0,0
979,0,0,0,0,0,0,0,0
980,0,0,128,16,0,144,128,16
981,0,0,0,0,0,0,0,0
982,-1,0,-1,0,1,1,0,0
983,0,0,0,0,0,0,0,0
984,0,0,74,-58,0,132,74,-58
985,-1,0,-1,0,1,1,0,0
986,0,0,0,0,0,0,0,0
987,0,0,0,0,0,0,0,0
988,0,0,60,10,0,70,60,10
989,-1,0,-1,0,1,1,0,0
990,0,0,0,0,0,0,0,0
991,0,0,0,0,0,0,0,0
992,0,0,-4,0,0,4,-4,0
993,0,0,0,0,0,0,0,0
994,0,0,0,0,0,0,0,0
995,0,0,0,0,0,0,0,0
996,0,0,129,10,0,139,129,10
997,0,0,0,0,0,0,0,0
998,0,0,0,0,0,0,0,0
999,0,0,0,0,0,0,0,0
1000,0,0,66,-60,0,126,66,-60
1001,0,0,0,0,0,0,0,0
1002,0,0,0,0,0,0,0,0
1003,0,0,0,0,0,0,0,0
1004,0,0,70,-126,0,196,70,-126
1005,-1,0,-1,0,1,1,0,0
1006,0,0,0,0,0,0,0,0
1007,0,0,0,0,0,0,0,0
1008,0,0,-4,64,0,68,-4,64
1009,0,0,0,0,0,0,0,0
1010,0,0,0,0,0,0,0,0
1011,0,0,0,0,0,0,0,0
1012,0,0,64,1,0,65,64,1
1013,0,0,0,0,0,0,0,0
1014,0,0,0,0,0,0,0,0
1015,0,0,0,0,0,0,0,0
1016,0,0,-2,64,0,66,-2,64
1017,0,0,0,0,0,0,0,0
1018,0,0,0,0,0,0,0,0
1019,0,0,0,0,0,0,0,0
1020,0,0,-1,64,0,65,-1,64
1021,0,0,0,0,0,0,0,0
1022,0,0,0,0,0,0,0,0
1023,0,0,0,0,0,0,0,0
1024,0,0,64,0,0,64,64,0
1025,0,0,0,0,0,0,0,0
1026,0,0,0,0,0,0,0,0
1027,0,0,0,0,0,0,0,0
1028,0,0,-1,-65,0,66,-1,-65
1029,0,0,0,0,0,0,0,0
1030,0,0,0,0,0,0,0,0
1031,0,0,0,0,0,0,0,0
1032,0,0,-2,-65,0,67,-2,-65
1033,0,0,0,0,0,0,0,0
1034,0,0,0,0,0,0,0,0
1035,0,0,0,0,0,0,0,0
1036,0,0,64,-2,0,66,64,-2
1037,0,0,0,0,0,0,0,0
1038,0,0,0,0,0,0,0,0
1039,0,0,0,0,0,0,0,0
1040,0,0,-4,-65,0,69,-4,-65
1041,0,0,0,0,0,0,0,0
1042,0,0,0,0,0,0,0,0
1043,0,0,0,0,0,0,0,0
1044,0,0,70,125,0,195,70,125
1045,0,0,0,0,0,0,0,0
1046,0,0,0,0,0,0,0,0
1047,0,0,0,0,0,0,0,0
1048,0,0,66,59,0,125,66,59
1049,0,0,0,0,0,0,0,0
1050,0,0,0,0,0,0,0,0
1051,0,0,0,0,0,0,0,0
1052,0,0,129,-11,0,140,129,-11
1053,0,0,0,0,0,0,0,0
1054,0,0,0,0,0,0,0,0
1055,0,0,0,0,0,0,0,0
1056,0,-1,-4,-1,1,5,-4,0
1057,0,0,0,0,0,0,0,0
1058,0,0,0,0,0,0,0,0
1059,0,0,0,0,0,0,0,0
1060,0,0,60,-11,0,71,60,-11
1061,0,0,0,0,0,0,0,0
1062,0,0,0,0,0,0,0,0
1063,0,0,0,0,0,0,0,0
1064,0,0,74,57,0,131,74,57
1065,0,0,0,0,0,0,0,0
1066,0,0,0,0,0,0,0,0
1067,0,0,0,0,0,0,0,0
1068,0,0,128,-17,0,145,128,-17
1069,0,0,0,0,0,0,0,0
1070,0,0,0,0,0,0,0,0
1071,0,0,0,0,0,0,0,0
1072,0,-1,71,55,1,126,71,56
1073,0,0,0,0,0,0,0,0
1074,0,0,0,0,0,0,0,0
1075,0,0,0,0,0,0,0,0
1076,0,0,11,60,0,71,11,60
1077,0,0,0,0,0,0,0,0
1078,0,0,0,0,0,0,0,0
1079,0,0,0,0,0,0,0,0
1080,0,0,70,47,0,117,70,47
1081,0,0,0,0,0,0,0,0
1082,0,0,0,0,0,0,0,0
1083,0,0,0,0,0,0,0,0
1084,0,0,-4,-4,0,8,-4,-4
1085,0,0,0,0,0,0,0,0
1086,0,0,0,0,0,0,0,0
1087,0,0,0,0,0,0,0,0
1088,0,-1,60,-7,1,67,60,-6
1089,0,0,0,0,0,0,0,0
1090,0,0,0,0,0,0,0,0
1091,0,0,0,0,0,0,0,0
1092,0,0,55,-73,0,128,55,-73
1093,0,0,0,0,0,0,0,0
1094,0,0,0,0,0,0,0,0
1095,0,0,0,0,0,0,0,0
1096,0,0,52,-81,0,133,52,-81
1097,0,0,0,0,0,0,0,0
1098,0,0,0,0,0,0,0,0
1099,0,0,0,0,0,0,0,0
1100,0,0,59,-18,0,77,59,-18
1101,0,0,0,0,0,0,0,0
1102,0,0,0,0,0,0,0,0
1103,0,0,0,0,0,0,0,0
1104,0,-1,18,56,1,74,18,57
1105,0,0,0,0,0,0,0,0
1106,0,0,0,0,0,0,0,0
1107,0,0,0,0,0,0,0,0
1108,0,0,183,-51,0,234,183,-51
1109,0,0,0,0,0,0,0,0
1110,0,0,0,0,0,0,0,0
1111,0,0,0,0,0,0,0,0
1112,0,0,63,-26,0,89,63,-26
1113,0,0,0,0,0,0,0,0
1114,0,0,0,0,0,0,0,0
1115,0,0,0,0,0,0,0,0
1116,0,0,4,-6,0,10,4,-6
1117,0,0,0,0,0,0,0,0
1118,0,0,0,0,0,0,0,0
1119,0,0,0,0,0,0,0,0
1120,0,-1,70,-20,1,90,70,-19
1121,0,0,0,0,0,0,0,0
1122,0,0,0,0,0,0,0,0
1123,0,0,0,0,0,0,0,0
1124,0,0,-13,-70,0,83,-13,-70
1125,0,0,0,0,0,0,0,0
1126,0,0,0,0,0,0,0,0
1127,0,0,0,0,0,0,0,0
1128,0,0,85,48,0,133,85,48
1129,0,0,0,0,0,0,0,0
1130,0,0,0,0,0,0,0,0
1131,0,0,0,0,0,0,0,0
1132,0,0,122,-40,0,162,122,-40
1133,0,0,0,0,0,0,0,0
1134,0,0,0,0,0,0,0,0
1135,0,0,0,0,0,0,0,0
1136,0,-1,69,-29,1,98,69,-28
1137,0,0,0,0,0,0,0,0
1138,0,0,0,0,0,0,0,0
1139,0,0,0,0,0,0,0,0
1140,0,0,78,33,0,111,78,33
1141,0,0,0,0,0,0,0,0
1142,0,0,0,0,0,0,0,0
1143,0,0,0,0,0,0,0,0
1144,0,0,60,-16,0,76,60,-16
1145,0,0,0,0,0,0,0,0
1146,0,0,0,0,0,0,0,0
1147,0,0,0,0,0,0,0,0
1148,0,0,-4,0,0,4,-4,0
1149,0,0,0,0,0,0,0,0
1150,0,0,0,0,0,0,0,0
1151,0,0,0,0,0,0,0,0
1152,0,-1,60,-19,1,79,60,-18
1153,0,0,0,0,0,0,0,0
1154,0,0,0,0,0,0,0,0
1155,0,0,0,0,0,0,0,0
1156,0,0,-4,0,0,4,-4,0
1157,0,0,0,0,0,0,0,0
1158,0,0,0,0,0,0,0,0
1159,0,0,0,0,0,0,0,0
1160,0,0,54,-22,0,76,54,-22
1161,0,0,0,0,0,0,0,0
1162,0,0,0,0,0,0,0,0
1163,0,0,0,0,0,0,0,0
1164,0,0,61,-34,0,95,61,-34
1165,0,0,0,0,0,0,0,0
1166,0,0,0,0,0,0,0,0
1167,0,0,0,0,0,0,0,0
1168,0,-1,50,-31,1,81,50,-30
1169,0,0,0,0,0,0,0,0
1170,0,0,0,0,0,0,0,0
1171,0,0,0,0,0,0,0,0
1172,0,0,96,18,0,114,96,18
1173,0,0,0,0,0,0,0,0
1174,0,0,0,0,0,0,0,0
1175,0,0,0,0,0,0,0,0
1176,0,0,121,-48,0,169,121,-48
1177,0,0,0,0,0,0,0,0
1178,0,0,0,0,0,0,0,0
1179,0,0,0,0,0,0,0,0
1180,0,0,24,51,0,75,24,51
1181,0,0,0,0,0,0,0,0
1182,0,0,0,0,0,0,0,0
1183,0,0,0,0,0,0,0,0
1184,0,-1,97,38,1,135,97,39
1185,0,0,0,0,0,0,0,0
1186,0,0,0,0,0,0,0,0
1187,0,0,0,0,0,0,0,0
1188,0,0,88,25,0,113,88,25
1189,0,0,0,0,0,0,0,0
1190,0,0,0,0,0,0,0,0
1191,0,0,0,0,0,0,0,0
1192,0,0,129,-21,0,150,129,-21
1193,0,0,0,0,0,0,0,0
1194,0,0,0,0,0,0,0,0
1195,0,0,0,0,0,0,0,0
1196,0,0,127,-59,0,186,127,-59
1197,-1,0,-1,0,1,1,0,0
1198,0,0,0,0,0,0,0,0
1199,0,0,0,0,0,0,0,0
1200,0,-1,141,2,1,143,141,3
1201,0,0,0,0,0,0,0,0
1202,0,0,0,0,0,0,0,0
1203,0,0,0,0,0,0,0,0
1204,0,0,93,17,0,110,93,17
1205,0,0,0,0,0,0,0,0
1206,0,0,0,0,0,0,0,0
1207,0,0,0,0,0,0,0,0
1208,0,0,68,-25,0,93,68,-25
1209,0,0,0,0,0,0,0,0
1210,0,0,0,0,0,0,0,0
1211,0,0,0,0,0,0,0,0
1212,0,0,65,-35,0,100,65,-35
1213,0,0,0,0,0,0,0,0
1214,0,0,0,0,0,0,0,0
1215,0,0,0,0,0,0,0,0
1216,0,-1,67,-40,1,107,67,-39
1217,0,0,0,0,0,0,0,0
1218,0,0,0,0,0,0,0,0
1219,0,0,0,0,0,0,0,0
1220,0,0,64,-44,0,108,64,-44
1221,0,0,0,0,0,0,0,0
1222,0,0,0,0,0,0,0,0
1223,0,0,0,0,0,0,0,0
1224,0,-1,-14,-4,1,18,-14,-3
1225,0,0,0,0,0,0,0,0
1226,0,0,0,0,0,0,0,0
1227,0,0,0,0,0,0,0,0
1228,0,0,58,-23,0,81,58,-23
1229,0,0,0,0,0,0,0,0
1230,0,0,0,0,0,0,0,0
1231,0,0,0,0,0,0,0,0
1232,0,-1,41,44,1,85,41,45
1233,0,0,0,0,0,0,0,0
1234,0,0,0,0,0,0,0,0
1235,0,0,0,0,0,0,0,0
1236,0,0,91,-7,0,98,91,-7
1237,0,0,0,0,0,0,0,0
1238,0,0,0,0,0,0,0,0
1239,0,0,0,0,0,0,0,0
1240,0,0,73,2,0,75,73,2
1241,0,0,0,0,0,0,0,0
1242,0,0,0,0,0,0,0,0
1243,0,0,0,0,0,0,0,0
1244,0,0,21,48,0,69,21,48
1245,0,0,0,0,0,0,0,0
1246,0,0,0,0,0,0,0,0
1247,0,0,0,0,0,0,0,0
1248,0,-1,23,33,1,56,23,34
1249,0,0,0,0,0,0,0,0
1250,0,0,0,0,0,0,0,0
1251,0,0,0,0,0,0,0,0
1252,0,0,36,38,0,74,36,38
1253,0,0,0,0,0,0,0,0
1254,0,0,0,0,0,0,0,0
1255,0,0,0,0,0,0,0,0
1256,0,-1,33,30,1,63,33,31
1257,0,0,0,0,0,0,0,0
1258,0,0,0,0,0,0,0,0
1259,0,0,0,0,0,0,0,0
1260,0,0,37,-21,0,58,37,-21
1261,0,0,0,0,0,0,0,0
1262,0,0,0,0,0,0,0,0
1263,0,0,0,0,0,0,0,0
1264,0,-1,82,24,1,106,82,25
1265,0,0,0,0,0,0,0,0
1266,0,0,0,0,0,0,0,0
1267,0,0,0,0,0,0,0,0
1268,0,0,46,-60,0,106,46,-60
1269,0,0,0,0,0,0,0,0
1270,0,0,0,0,0,0,0,0
1271,0,0,0,0,0,0,0,0
1272,0,-1,-3,1,1,4,-3,2
1273,0,0,0,0,0,0,0,0
1274,0,0,0,0,0,0,0,0
1275,0,0,0,0,0,0,0,0
1276,0,-1,-22,84,1,106,-22,85
1277,0,0,0,0,0,0,0,0
1278,0,0,0,0,0,0,0,0
1279,0,0,0,0,0,0,0,0
1280,0,-1,82,18,1,100,82,19
1281,0,0,0,0,0,0,0,0
1282,0,0,0,0,0,0,0,0
1283,0,0,0,0,0,0,0,0
1284,0,0,16,-82,0,98,16,-82
1285,0,0,0,0,0,0,0,0
1286,0,0,0,0,0,0,0,0
1287,0,0,0,0,0,0,0,0
1288,0,-1,-4,1,1,5,-4,2
1289,0,0,0,0,0,0,0,0
1290,0,0,0,0,0,0,0,0
1291,0,0,0,0,0,0,0,0
1292,0,0,66,27,0,93,66,27
1293,0,0,0,0,0,0,0,0
1294,0,0,0,0,0,0,0,0
1295,0,0,0,0,0,0,0,0
1296,0,-1,77,15,1,92,77,16
1297,0,0,0,0,0,0,0,0
1298,0,0,0,0,0,0,0,0
1299,0,0,0,0,0,0,0,0
1300,0,0,-5,69,0,74,-5,69
1301,0,0,0,0,0,0,0,0
1302,0,0,0,0,0,0,0,0
1303,0,0,0,0,0,0,0,0
1304,0,-1,83,0,1,83,83,1
1305,0,0,0,0,0,0,0,0
1306,0,0,0,0,0,0,0,0
1307,0,0,0,0,0,0,0,0
1308,0,0,79,-9,0,88,79,-9
1309,0,0,0,0,0,0,0,0
1310,0,0,0,0,0,0,0,0
1311,0,0,0,0,0,0,0,0
1312,0,-1,73,4,1,77,73,5
1313,0,0,0,0,0,0,0,0
1314,0,0,0,0,0,0,0,0
1315,0,0,0,0,0,0,0,0
1316,0,0,60,-69,0,129,60,-69
1317,0,0,0,0,0,0,0,0
1318,0,0,0,0,0,0,0,0
1319,0,0,0,0,0,0,0,0
1320,0,-1,86,71,1,157,86,72
1321,0,0,0,0,0,0,0,0
1322,0,0,0,0,0,0,0,0
1323,0,0,0,0,0,0,0,0
1324,0,0,137,0,0,137,137,0
1325,0,0,0,0,0,0,0,0
1326,0,0,0,0,0,0,0,0
1327,0,0,0,0,0,0,0,0
1328,0,-1,76,-17,1,93,76,-16
1329,0,0,0,0,0,0,0,0
1330,0,0,0,0,0,0,0,0
1331,0,0,0,0,0,0,0,0
1332,0,0,77,52,0,129,77,52
1333,0,0,0,0,0,0,0,0
1334,0,0,0,0,0,0,0,0
1335,0,0,0,0,0,0,0,0
1336,0,-1,56,44,1,100,56,45
1337,0,0,0,0,0,0,0,0
1338,0,0,0,0,0,0,0,0
1339,0,0,0,0,0,0,0,0
1340,0,0,63,-2,0,65,63,-2
1341,0,0,0,0,0,0,0,0
1342,0,0,0,0,0,0,0,0
1343,0,0,0,0,0,0,0,0
1344,0,-1,127,-7,1,134,127,-6
1345,0,0,0,0,0,0,0,0
1346,0,0,0,0,0,0,0,0
1347,0,0,0,0,0,0,0,0
1348,0,0,121,-9,0,130,121,-9
1349,0,0,0,0,0,0,0,0
1350,0,0,0,0,0,0,0,0
1351,0,0,0,0,0,0,0,0
1352,0,-1,115,-20,1,135,115,-19
1353,0,0,0,0,0,0,0,0
1354,0,0,0,0,0,0,0,0
1355,0,0,0,0,0,0,0,0
1356,0,0,87,13,0,100,87,13
1357,0,0,0,0,0,0,0,0
1358,0,0,0,0,0,0,0,0
1359,0,0,0,0,0,0,0,0
1360,0,-1,114,1,1,115,114,2
1361,0,0,0,0,0,0,0,0
1362,0,0,0,0,0,0,0,0
1363,0,0,0,0,0,0,0,0
1364,0,0,99,-55,0,154,99,-55
1365,0,0,0,0,0,0,0,0
1366,0,0,0,0,0,0,0,0
1367,0,0,0,0,0,0,0,0
1368,0,-1,121,28,1,149,121,29
1369,0,0,0,0,0,0,0,0
1370,0,0,0,0,0,0,0,0
1371,0,0,0,0,0,0,0,0
1372,0,0,140,37,0,177,140,37
1373,0,0,0,0,0,0,0,0
1374,0,0,0,0,0,0,0,0
1375,0,0,0,0,0,0,0,0
1376,0,-1,137,19,1,156,137,20
1377,0,0,0,0,0,0,0,0
1378,0,0,0,0,0,0,0,0
1379,0,0,0,0,0,0,0,0
1380,0,0,55,-74,0,129,55,-74
1381,0,0,0,0,0,0,0,0
1382,0,0,0,0,0,0,0,0
1383,0,0,0,0,0,0,0,0
1384,0,-1,57,4,1,61,57,5
1385,0,0,0,0,0,0,0,0
1386,0,0,0,0,0,0,0,0
1387,0,0,0,0,0,0,0,0
1388,0,0,111,-54,0,165,111,-54
1389,0,0,0,0,0,0,0,0
1390,0,0,0,0,0,0,0,0
1391,0,0,0,0,0,0,0,0
1392,0,-1,101,-5,1,106,101,-4
1393,0,0,0,0,0,0,0,0
1394,0,0,0,0,0,0,0,0
1395,0,0,0,0,0,0,0,0
1396,0,0,112,-13,0,125,112,-13
1397,0,0,0,0,0,0,0,0
1398,0,0,0,0,0,0,0,0
1399,0,0,0,0,0,0,0,0
1400,0,-1,95,-17,1,112,95,-16
1401,0,0,0,0,0,0,0,0
1402,0,0,0,0,0,0,0,0
1403,0,0,0,0,0,0,0,0
1404,0,-1,-3,2,1,5,-3,3
1405,0,0,0,0,0,0,0,0
1406,0,0,0,0,0,0,0,0
1407,0,0,0,0,0,0,0,0
1408,0,-1,97,-25,1,122,97,-24
1409,0,0,0,0,0,0,0,0
1410,0,0,0,0,0,0,0,0
1411,0,0,0,0,0,0,0,0
1412,0,0,-4,1,0,5,-4,1
1413,0,0,0,0,0,0,0,0
1414,0,0,0,0,0,0,0,0
1415,0,0,0,0,0,0,0,0
1416,0,-1,93,-29,1,122,93,-28
1417,0,0,0,0,0,0,0,0
1418,0,0,0,0,0,0,0,0
1419,0,0,0,0,0,0,0,0
1420,0,0,57,-51,0,108,57,-51
1421,0,0,0,0,0,0,0,0
1422,0,0,0,0,0,0,0,0
1423,0,0,0,0,0,0,0,0
1424,0,-1,47,-45,1,92,47,-44
1425,0,0,0,0,0,0,0,0
1426,0,0,0,0,0,0,0,0
1427,0,0,0,0,0,0,0,0
1428,0,0,47,-8,0,55,47,-8
1429,0,0,0,0,0,0,0,0
1430,0,0,0,0,0,0,0,0
1431,0,0,0,0,0,0,0,0
1432,0,-1,49,-70,1,119,49,-69
1433,0,0,0,0,0,0,0,0
1434,0,0,0,0,0,0,0,0
1435,0,0,0,0,0,0,0,0
1436,0,0,-6,15,0,21,-6,15
1437,0,0,0,0,0,0,0,0
1438,0,0,0,0,0,0,0,0
1439,0,0,0,0,0,0,0,0
1440,0,-1,86,27,1,113,86,28
1441,0,0,0,0,0,0,0,0
1442,0,0,0,0,0,0,0,0
1443,0,0,0,0,0,0,0,0
1444,0,0,72,16,0,88,72,16
1445,0,0,0,0,0,0,0,0
1446,0,0,0,0,0,0,0,0
1447,0,0,0,0,0,0,0,0
1448,0,-1,165,-11,1,176,165,-10
1449,0,0,0,0,0,0,0,0
1450,0,0,0,0,0,0,0,0
1451,0,0,0,0,0,0,0,0
1452,0,0,115,17,0,132,115,17
1453,0,0,0,0,0,0,0,0
1454,0,0,0,0,0,0,0,0
1455,0,0,0,0,0,0,0,0
1456,0,-1,100,-60,1,160,100,-59
1457,0,0,0,0,0,0,0,0
1458,0,0,0,0,0,0,0,0
1459,0,0,0,0,0,0,0,0
1460,0,-1,138,46,1,184,138,47
1461,0,0,0,0,0,0,0,0
1462,0,0,0,0,0,0,0,0
1463,0,0,0,0,0,0,0,0
1464,0,-1,69,38,1,107,69,39
1465,0,0,0,0,0,0,0,0
1466,0,0,0,0,0,0,0,0
1467,0,0,0,0,0,0,0,0
1468,0,-1,63,27,1,90,63,28
1469,0,0,0,0,0,0,0,0
1470,0,0,0,0,0,0,0,0
1471,0,0,0,0,0,0,0,0
1472,0,-1,66,19,1,85,66,20
1473,0,0,0,0,0,0,0,0
1474,0,0,0,0,0,0,0,0
1475,0,0,0,0,0,0,0,0
1476,0,-1,64,17,1,81,64,18
1477,0,0,0,0,0,0,0,0
1478,0,0,0,0,0,0,0,0
1479,0,0,0,0,0,0,0,0
1480,0,-1,85,19,1,104,85,20
1481,0,0,0,0,0,0,0,0
1482,0,0,0,0,0,0,0,0
1483,0,0,0,0,0,0,0,0
1484,0,0,87,-62,0,149,87,-62
1485,0,0,0,0,0,0,0,0
1486,0,0,0,0,0,0,0,0
1487,0,0,0,0,0,0,0,0
1488,0,-1,79,10,1,89,79,11
1489,0,0,0,0,0,0,0,0
1490,0,0,0,0,0,0,0,0
1491,0,0,0,0,0,0,0,0
1492,0,-1,80,23,1,103,80,24
1493,0,0,0,0,0,0,0,0
1494,0,0,0,0,0,0,0,0
1495,0,0,0,0,0,0,0,0
1496,0,-1,23,-69,1,92,23,-68
1497,0,0,0,0,0,0,0,0
1498,0,0,0,0,0,0,0,0
1499,0,0,0,0,0,0,0,0
1500,0,-1,63,83,1,146,63,84
1501,0,0,0,0,0,0,0,0
1502,0,0,0,0,0,0,0,0
1503,0,0,0,0,0,0,0,0
1504,0,-1,61,9,1,70,61,10
1505,0,0,0,0,0,0,0,0
1506,0,0,0,0,0,0,0,0
1507,0,0,0,0,0,0,0,0
1508,0,-1,81,-50,1,131,81,-49
1509,0,0,0,0,0,0,0,0
1510,0,0,0,0,0,0,0,0
1511,0,0,0,0,0,0,0,0
1512,0,-1,75,-59,1,134,75,-58
1513,0,0,0,0,0,0,0,0
1514,0,-1,0,-1,1,1,0,0
1515,0,0,0,0,0,0,0,0
1516,0,-1,76,-65,1,141,76,-64
1517,0,0,0,0,0,0,0,0
1518,0,0,0,0,0,0,0,0
1519,0,0,0,0,0,0,0,0
1520,0,-1,-3,3,1,6,-3,4
1521,0,0,0,0,0,0,0,0
1522,0,0,0,0,0,0,0,0
1523,0,0,0,0,0,0,0,0
1524,0,-1,68,-61,1,129,68,-60
1525,0,0,0,0,0,0,0,0
1526,0,0,0,0,0,0,0,0
1527,0,0,0,0,0,0,0,0
1528,0,-1,-3,65,1,68,-3,66
1529,0,0,0,0,0,0,0,0
1530,0,0,0,0,0,0,0,0
1531,0,0,0,0,0,0,0,0
1532,0,-1,-2,64,1,66,-2,65
1533,0,0,0,0,0,0,0,0
1534,0,0,0,0,0,0,0,0
1535,0,0,0,0,0,0,0,0
1536,0,-1,64,0,1,64,64,1
1537,0,0,0,0,0,0,0,0
1538,0,-1,0,-1,1,1,0,0
1539,0,0,0,0,0,0,0,0
1540,0,-1,-2,-64,1,66,-2,-63
1541,0,0,0,0,0,0,0,0
1542,0,0,0,0,0,0,0,0
1543,0,0,0,0,0,0,0,0
1544,0,-1,-4,-63,1,67,-4,-62
1545,0,0,0,0,0,0,0,0
1546,0,-1,0,-1,1,1,0,0
1547,0,0,0,0,0,0,0,0
1548,0,-1,65,59,1,124,65,60
1549,0,0,0,0,0,0,0,0
1550,0,0,0,0,0,0,0,0
1551,0,0,0,0,0,0,0,0
1552,0,-1,-4,2,1,6,-4,3
1553,0,0,0,0,0,0,0,0
1554,0,0,0,0,0,0,0,0
1555,0,0,0,0,0,0,0,0
1556,0,-1,72,50,1,122,72,51
1557,0,0,0,0,0,0,0,0
1558,0,0,0,0,0,0,0,0
1559,0,0,0,0,0,0,0,0
1560,0,-1,67,51,1,118,67,52
1561,0,0,0,0,0,0,0,0
1562,0,0,0,0,0,0,0,0
1563,0,0,0,0,0,0,0,0
1564,0,-1,60,45,1,105,60,46
1565,0,0,0,0,0,0,0,0
1566,0,0,0,0,0,0,0,0
1567,0,0,0,0,0,0,0,0
1568,0,-1,60,-4,1,64,60,-3
1569,0,0,0,0,0,0,0,0
1570,0,0,0,0,0,0,0,0
1571,0,0,0,0,0,0,0,0
1572,0,0,41,-79,0,120,41,-79
1573,0,0,0,0,0,0,0,0
1574,0,0,0,0,0,0,0,0
1575,0,0,0,0,0,0,0,0
1576,0,-1,13,45,1,58,13,46
1577,0,0,0,0,0,0,0,0
1578,0,0,0,0,0,0,0,0
1579,0,0,0,0,0,0,0,0
1580,0,-1,46,-28,1,74,46,-27
1581,0,0,0,0,0,0,0,0
1582,0,0,0,0,0,0,0,0
1583,0,0,0,0,0,0,0,0
1584,0,-1,62,-28,1,90,62,-27
1585,0,0,0,0,0,0,0,0
1586,0,0,0,0,0,0,0,0
1587,0,0,0,0,0,0,0,0
1588,0,-1,83,35,1,118,83,36
1589,0,0,0,0,0,0,0,0
1590,0,0,0,0,0,0,0,0
1591,0,0,0,0,0,0,0,0
1592,0,-1,53,-38,1,91,53,-37
1593,0,0,0,0,0,0,0,0
1594,0,0,0,0,0,0,0,0
1595,0,0,0,0,0,0,0,0
1596,0,-1,56,-14,1,70,56,-13
1597,0,0,0,0,0,0,0,0
1598,0,0,0,0,0,0,0,0
1599,0,0,0,0,0,0,0,0
1600,0,-1,53,-18,1,71,53,-17
1601,0,0,0,0,0,0,0,0
1602,0,0,0,0,0,0,0,0
1603,0,0,0,0,0,0,0,0
1604,0,-1,44,-15,1,59,44,-14
1605,0,0,0,0,0,0,0,0
1606,0,0,0,0,0,0,0,0
1607,0,0,0,0,0,0,0,0
1608,0,-1,32,-23,1,55,32,-22
1609,0,0,0,0,0,0,0,0
1610,0,0,0,0,0,0,0,0
1611,0,0,0,0,0,0,0,0
1612,0,-1,103,-48,1,151,103,-47
1613,0,0,0,0,0,0,0,0
1614,0,0,0,0,0,0,0,0
1615,0,0,0,0,0,0,0,0
1616,0,-1,94,16,1,110,94,17
1617,0,0,0,0,0,0,0,0
1618,0,0,0,0,0,0,0,0
1619,0,0,0,0,0,0,0,0
1620,0,-1,143,-23,1,166,143,-22
1621,0,0,0,0,0,0,0,0
1622,0,0,0,0,0,0,0,0
1623,0,0,0,0,0,0,0,0
1624,0,-1,118,-6,1,124,118,-5
1625,0,0,0,0,0,0,0,0
1626,0,0,0,0,0,0,0,0
1627,0,0,0,0,0,0,0,0
1628,0,-1,63,-34,1,97,63,-33
1629,0,0,0,0,0,0,0,0
1630,0,0,0,0,0,0,0,0
1631,0,0,0,0,0,0,0,0
1632,0,-1,49,-53,1,102,49,-52
1633,0,0,0,0,0,0,0,0
1634,0,0,0,0,0,0,0,0
1635,0,0,0,0,0,0,0,0
1636,0,-1,-22,8,1,30,-22,9
1637,0,0,0,0,0,0,0,0
1638,0,0,0,0,0,0,0,0
1639,0,0,0,0,0,0,0,0
1640,0,-1,32,20,1,52,32,21
1641,0,0,0,0,0,0,0,0
1642,0,0,0,0,0,0,0,0
1643,0,0,0,0,0,0,0,0
1644,0,-1,99,-3,1,102,99,-2
1645,0,0,0,0,0,0,0,0
1646,0,0,0,0,0,0,0,0
1647,0,0,0,0,0,0,0,0
1648,0,-1,-1,23,1,24,-1,24
1649,0,0,0,0,0,0,0,0
1650,0,0,0,0,0,0,0,0
1651,0,0,0,0,0,0,0,0
1652,0,-1,9,9,1,18,9,10
1653,0,0,0,0,0,0,0,0
1654,0,0,0,0,0,0,0,0
1655,0,0,0,0,0,0,0,0
1656,0,-1,70,20,1,90,70,21
1657,0,0,0,0,0,0,0,0
1658,0,0,0,0,0,0,0,0
1659,0,0,0,0,0,0,0,0
1660,0,-1,-3,4,1,7,-3,5
1661,0,0,0,0,0,0,0,0
1662,0,0,0,0,0,0,0,0
1663,0,0,0,0,0,0,0,0
1664,0,-1,67,13,1,80,67,14
1665,0,0,0,0,0,0,0,0
1666,0,-1,0,-1,1,1,0,0
1667,0,0,0,0,0,0,0,0
1668,0,-1,-4,4,1,8,-4,5
1669,0,0,0,0,0,0,0,0
1670,0,0,0,0,0,0,0,0
1671,0,0,0,0,0,0,0,0
1672,0,-1,59,15,1,74,59,16
1673,0,0,0,0,0,0,0,0
1674,0,-1,0,-1,1,1,0,0
1675,0,0,0,0,0,0,0,0
1676,0,-1,54,-12,1,66,54,-11
1677,0,0,0,0,0,0,0,0
1678,0,0,0,0,0,0,0,0
1679,0,0,0,0,0,0,0,0
1680,0,-1,44,5,1,49,44,6
1681,0,0,0,0,0,0,0,0
1682,0,0,0,0,0,0,0,0
1683,0,0,0,0,0,0,0,0
1684,0,-1,60,89,1,149,60,90
1685,0,0,0,0,0,0,0,0
1686,0,0,0,0,0,0,0,0
1687,0,0,0,0,0,0,0,0
1688,0,-1,96,-29,1,125,96,-28
1689,0,0,0,0,0,0,0,0
1690,0,0,0,0,0,0,0,0
1691,0,0,0,0,0,0,0,0
1692,0,-1,57,14,1,71,57,15
1693,0,0,0,0,0,0,0,0
1694,0,0,0,0,0,0,0,0
1695,0,0,0,0,0,0,0,0
1696,0,-1,117,5,1,122,117,6
1697,0,0,0,0,0,0,0,0
1698,0,-1,0,-1,1,1,0,0
1699,0,0,0,0,0,0,0,0
1700,0,-1,89,-2,1,91,89,-1
1701,0,0,0,0,0,0,0,0
1702,0,0,0,0,0,0,0,0
1703,0,0,0,0,0,0,0,0
1704,0,-1,107,30,1,137,107,31
1705,0,0,0,0,0,0,0,0
1706,0,-1,0,-1,1,1,0,0
1707,0,0,0,0,0,0,0,0
1708,0,-1,142,1,1,143,142,2
1709,0,0,0,0,0,0,0,0
1710,0,0,0,0,0,0,0,0
1711,0,0,0,0,0,0,0,0
1712,0,-1,160,39,1,199,160,40
1713,0,0,0,0,0,0,0,0
1714,0,0,0,0,0,0,0,0
1715,0,0,0,0,0,0,0,0
1716,0,-1,26,21,1,47,26,22
1717,0,0,0,0,0,0,0,0
1718,0,0,0,0,0,0,0,0
1719,0,0,0,0,0,0,0,0
1720,0,-1,87,-30,1,117,87,-29
1721,0,0,0,0,0,0,0,0
1722,0,0,0,0,0,0,0,0
1723,0,0,0,0,0,0,0,0
1724,0,-1,70,-42,1,112,70,-41
1725,0,0,0,0,0,0,0,0
1726,0,0,0,0,0,0,0,0
1727,0,0,0,0,0,0,0,0
1728,0,-1,68,-55,1,123,68,-54
1729,0,0,0,0,0,0,0,0
1730,0,-1,0,-1,1,1,0,0
1731,0,0,0,0,0,0,0,0
1732,0,-1,124,-58,1,182,124,-57
1733,0,0,0,0,0,0,0,0
1734,0,0,0,0,0,0,0,0
1735,0,0,0,0,0,0,0,0
1736,0,-1,38,-45,1,83,38,-44
1737,0,0,0,0,0,0,0,0
1738,0,-1,0,-1,1,1,0,0
1739,0,0,0,0,0,0,0,0
1740,0,-1,22,-87,1,109,22,-86
1741,0,0,0,0,0,0,0,0
1742,0,0,0,0,0,0,0,0
1743,0,0,0,0,0,0,0,0
1744,0,-1,95,38,1,133,95,39
1745,0,0,0,0,0,0,0,0
1746,0,-1,0,-1,1,1,0,0
1747,0,0,0,0,0,0,0,0
1748,0,-1,193,-21,1,214,193,-20
1749,0,0,0,0,0,0,0,0
1750,0,0,0,0,0,0,0,0
1751,0,0,0,0,0,0,0,0
1752,0,-1,115,-49,1,164,115,-48
1753,0,0,0,0,0,0,0,0
1754,0,-1,0,-1,1,1,0,0
1755,0,0,0,0,0,0,0,0
1756,0,-1,78,8,1,86,78,9
1757,0,0,0,0,0,0,0,0
1758,0,0,0,0,0,0,0,0
1759,0,0,0,0,0,0,0,0
1760,0,-1,60,44,1,104,60,45
1761,0,0,0,0,0,0,0,0
1762,0,-1,0,-1,1,1,0,0
1763,0,0,0,0,0,0,0,0
1764,0,-1,90,30,1,120,90,31
1765,0,0,0,0,0,0,0,0
1766,0,0,0,0,0,0,0,0
1767,0,0,0,0,0,0,0,0
1768,0,-1,74,21,1,95,74,22
1769,0,0,0,0,0,0,0,0
1770,0,-1,0,-1,1,1,0,0
1771,0,0,0,0,0,0,0,0
1772,0,-1,52,-67,1,119,52,-66
1773,0,0,0,0,0,0,0,0
1774,0,0,0,0,0,0,0,0
1775,0,0,0,0,0,0,0,0
1776,0,-1,44,33,1,77,44,34
1777,0,0,0,0,0,0,0,0
1778,0,-1,0,-1,1,1,0,0
1779,0,0,0,0,0,0,0,0
1780,0,-1,83,-89,1,172,83,-88
1781,0,0,0,0,0,0,0,0
1782,0,0,0,0,0,0,0,0
1783,0,0,0,0,0,0,0,0
1784,0,-1,-3,7,1,10,-3,8
1785,0,0,0,0,0,0,0,0
1786,0,0,0,0,0,0,0,0
1787,0,0,0,0,0,0,0,0
1788,0,-1,-22,49,1,71,-22,50
1789,0,0,0,0,0,0,0,0
1790,0,0,0,0,0,0,0,0
1791,0,0,0,0,0,0,0,0
1792,0,-1,45,18,1,63,45,19
1793,0,-1,0,-1,1,1,0,0
1794,0,-1,0,-1,1,1,0,0
1795,0,0,0,0,0,0,0,0
1796,0,-1,14,-42,1,56,14,-41
1797,0,0,0,0,0,0,0,0
1798,0,0,0,0,0,0,0,0
1799,0,0,0,0,0,0,0,0
1800,0,-1,-4,7,1,11,-4,8
1801,0,0,0,0,0,0,0,0
1802,0,-1,0,-1,1,1,0,0
1803,0,0,0,0,0,0,0,0
1804,0,-1,88,44,1,132,88,45
1805,0,0,0,0,0,0,0,0
1806,0,-1,0,-1,1,1,0,0
1807,0,0,0,0,0,0,0,0
1808,0,-1,39,17,1,56,39,18
1809,0,0,0,0,0,0,0,0
1810,0,0,0,0,0,0,0,0
1811,0,0,0,0,0,0,0,0
1812,0,-1,-12,70,1,82,-12,71
1813,0,0,0,0,0,0,0,0
1814,0,0,0,0,0,0,0,0
1815,0,0,0,0,0,0,0,0
1816,0,-1,91,-26,1,117,91,-25
1817,0,0,0,0,0,0,0,0
1818,0,-1,0,-1,1,1,0,0
1819,0,0,0,0,0,0,0,0
1820,0,-1,70,-37,1,107,70,-36
1821,0,0,0,0,0,0,0,0
1822,0,-1,0,-1,1,1,0,0
1823,0,0,0,0,0,0,0,0
1824,0,-1,84,-2,1,86,84,-1
1825,0,0,0,0,0,0,0,0
1826,0,0,0,0,0,0,0,0
1827,0,0,0,0,0,0,0,0
1828,0,-1,43,4,1,47,43,5
1829,0,0,0,0,0,0,0,0
1830,0,-1,0,-1,1,1,0,0
1831,0,0,0,0,0,0,0,0
1832,0,-1,115,35,1,150,115,36
1833,0,0,0,0,0,0,0,0
1834,0,0,0,0,0,0,0,0
1835,0,0,0,0,0,0,0,0
1836,0,-1,144,-17,1,161,144,-16
1837,0,0,0,0,0,0,0,0
1838,0,0,0,0,0,0,0,0
1839,0,0,0,0,0,0,0,0
1840,0,-1,57,-61,1,118,57,-60
1841,0,0,0,0,0,0,0,0
1842,0,-1,0,-1,1,1,0,0
1843,0,0,0,0,0,0,0,0
1844,0,-1,6,17,1,23,6,18
1845,0,0,0,0,0,0,0,0
1846,0,0,0,0,0,0,0,0
1847,0,0,0,0,0,0,0,0
1848,0,-1,11,43,1,54,11,44
1849,0,0,0,0,0,0,0,0
1850,0,-1,0,-1,1,1,0,0
1851,0,0,0,0,0,0,0,0
1852,0,-1,75,-3,1,78,75,-2
1853,0,0,0,0,0,0,0,0
1854,0,-1,0,-1,1,1,0,0
1855,0,0,0,0,0,0,0,0
1856,0,-1,67,-13,1,80,67,-12
1857,0,0,0,0,0,0,0,0
1858,0,-1,0,-1,1,1,0,0
1859,0,0,0,0,0,0,0,0
1860,0,-1,53,-5,1,58,53,-4
1861,0,0,0,0,0,0,0,0
1862,0,0,0,0,0,0,0,0
1863,0,0,0,0,0,0,0,0
1864,0,-1,21,-15,1,36,21,-14
1865,0,0,0,0,0,0,0,0
1866,0,-1,0,-1,1,1,0,0
1867,0,0,0,0,0,0,0,0
1868,0,-1,100,-40,1,140,100,-39
1869,0,0,0,0,0,0,0,0
1870,0,0,0,0,0,0,0,0
1871,0,0,0,0,0,0,0,0
1872,0,-1,93,14,1,107,93,15
1873,0,0,0,0,0,0,0,0
1874,0,-1,0,-1,1,1,0,0
1875,0,0,0,0,0,0,0,0
1876,0,-1,87,2,1,89,87,3
1877,0,0,0,0,0,0,0,0
1878,0,0,0,0,0,0,0,0
1879,0,0,0,0,0,0,0,0
1880,0,-1,190,58,1,248,190,59
1881,0,0,0,0,0,0,0,0
1882,0,-1,0,-1,1,1,0,0
1883,0,0,0,0,0,0,0,0
1884,0,-1,85,-33,1,118,85,-32
1885,0,0,0,0,0,0,0,0
1886,0,0,0,0,0,0,0,0
1887,0,0,0,0,0,0,0,0
1888,0,-1,38,-71,1,109,38,-70
1889,0,0,0,0,0,0,0,0
1890,0,-1,0,-1,1,1,0,0
1891,0,0,0,0,0,0,0,0
1892,0,-1,52,-39,1,91,52,-38
1893,0,0,0,0,0,0,0,0
1894,0,0,0,0,0,0,0,0
1895,0,0,0,0,0,0,0,0
1896,0,-1,70,29,1,99,70,30
1897,0,0,0,0,0,0,0,0
1898,0,-1,0,-1,1,1,0,0
1899,0,0,0,0,0,0,0,0
1900,0,-1,134,-79,1,213,134,-78
1901,0,0,0,0,0,0,0,0
1902,0,0,0,0,0,0,0,0
1903,0,0,0,0,0,0,0,0
1904,0,-1,70,59,1,129,70,60
1905,0,0,0,0,0,0,0,0
1906,0,-1,0,-1,1,1,0,0
1907,0,0,0,0,0,0,0,0
1908,0,-1,87,9,1,96,87,10
1909,0,0,0,0,0,0,0,0
1910,0,0,0,0,0,0,0,0
1911,0,0,0,0,0,0,0,0
1912,0,-1,35,46,1,81,35,47
1913,0,0,0,0,0,0,0,0
1914,0,0,0,0,0,0,0,0
1915,0,0,0,0,0,0,0,0
1916,0,-1,-2,15,1,17,-2,16
1917,0,0,0,0,0,0,0,0
1918,0,0,0,0,0,0,0,0
1919,0,0,0,0,0,0,0,0
1920,0,-1,30,18,1,48,30,19
1921,0,-1,0,-1,1,1,0,0
1922,0,-1,0,-1,1,1,0,0
1923,0,0,0,0,0,0,0,0
1924,0,-1,-5,15,1,20,-5,16
1925,0,0,0,0,0,0,0,0
1926,0,-1,0,-1,1,1,0,0
1927,0,0,0,0,0,0,0,0
1928,0,-1,18,19,1,37,18,20
1929,0,0,0,0,0,0,0,0
1930,0,-1,0,-1,1,1,0,0
1931,0,0,0,0,0,0,0,0
1932,0,-1,103,-17,1,120,103,-16
1933,0,-1,0,-1,1,1,0,0
1934,0,-1,0,-1,1,1,0,0
1935,0,0,0,0,0,0,0,0
1936,0,-1,98,-31,1,129,98,-30
1937,0,0,0,0,0,0,0,0
1938,0,-1,0,-1,1,1,0,0
1939,0,0,0,0,0,0,0,0
1940,0,-1,108,31,1,139,108,32
1941,0,0,0,0,0,0,0,0
1942,0,-1,0,-1,1,1,0,0
1943,0,0,0,0,0,0,0,0
1944,0,-1,30,-72,1,102,30,-71
1945,0,0,0,0,0,0,0,0
1946,0,-1,0,-1,1,1,0,0
1947,0,0,0,0,0,0,0,0
1948,0,-1,36,16,1,52,36,17
1949,0,0,0,0,0,0,0,0
1950,0,-1,0,-1,1,1,0,0
1951,0,0,0,0,0,0,0,0
1952,0,-1,64,-45,1,109,64,-44
1953,0,0,0,0,0,0,0,0
1954,0,-1,0,-1,1,1,0,0
1955,0,0,0,0,0,0,0,0
1956,0,-1,37,-35,1,72,37,-34
1957,0,0,0,0,0,0,0,0
1958,0,-1,0,-1,1,1,0,0
1959,0,0,0,0,0,0,0,0
1960,0,-1,123,3,1,126,123,4
1961,0,0,0,0,0,0,0,0
1962,0,-1,0,-1,1,1,0,0
1963,0,0,0,0,0,0,0,0
1964,0,-1,198,66,1,264,198,67
1965,0,0,0,0,0,0,0,0
1966,0,0,0,0,0,0,0,0
1967,0,0,0,0,0,0,0,0
1968,0,-1,58,-86,1,144,58,-85
1969,0,0,0,0,0,0,0,0
1970,0,-1,0,-1,1,1,0,0
1971,0,0,0,0,0,0,0,0
1972,0,-1,81,41,1,122,81,42
1973,0,0,0,0,0,0,0,0
1974,0,0,0,0,0,0,0,0
1975,0,0,0,0,0,0,0,0
1976,0,-1,89,38,1,127,89,39
1977,0,0,0,0,0,0,0,0
1978,0,0,0,0,0,0,0,0
1979,0,0,0,0,0,0,0,0
1980,0,-1,16,20,1,36,16,21
1981,0,0,0,0,0,0,0,0
1982,0,0,0,0,0,0,0,0
1983,0,0,0,0,0,0,0,0
1984,0,-1,-1,31,1,32,-1,32
1985,0,-1,0,-1,1,1,0,0
1986,0,-1,0,-1,1,1,0,0
1987,0,0,0,0,0,0,0,0
1988,0,-1,39,34,1,73,39,35
1989,0,0,0,0,0,0,0,0
1990,0,-1,0,-1,1,1,0,0
1991,0,0,0,0,0,0,0,0
1992,0,-1,126,-14,1,140,126,-13
1993,0,0,0,0,0,0,0,0
1994,0,-1,0,-1,1,1,0,0
1995,0,0,0,0,0,0,0,0
1996,0,-1,48,-83,1,131,48,-82
1997,0,-1,0,-1,1,1,0,0
1998,0,-1,0,-1,1,1,0,0
1999,0,0,0,0,0,0,0,0
2000,0,-1,57,-35,1,92,57,-34
2001,0,0,0,0,0,0,0,0
2002,0,-1,0,-1,1,1,0,0
2003,0,0,0,0,0,0,0,0
2004,0,-1,118,-10,1,128,118,-9
2005,0,0,0,0,0,0,0,0
2006,0,0,0,0,0,0,0,0
2007,0,0,0,0,0,0,0,0
2008,0,-1,42,-113,1,155,42,-112
2009,0,0,0,0,0,0,0,0
2010,0,-1,0,-1,1,1,0,0
2011,0,0,0,0,0,0,0,0
2012,0,-1,118,66,1,184,118,67
2013,0,0,0,0,0,0,0,0
2014,0,0,0,0,0,0,0,0
2015,0,0,0,0,0,0,0,0
2016,0,-1,2,62,1,64,2,63
2017,0,-1,0,-1,1,1,0,0
2018,0,-1,0,-1,1,1,0,0
2019,0,0,0,0,0,0,0,0
2020,0,-1,124,-38,1,162,124,-37
2021,0,0,0,0,0,0,0,0
2022,0,-1,0,-1,1,1,0,0
2023,0,0,0,0,0,0,0,0
2024,0,-1,48,-10,1,58,48,-9
2025,0,0,0,0,0,0,0,0
2026,0,-1,0,-1,1,1,0,0
2027,0,0,0,0,0,0,0,0
2028,0,-1,13,-100,1,113,13,-99
2029,0,0,0,0,0,0,0,0
2030,0,0,0,0,0,0,0,0
2031,0,0,0,0,0,0,0,0
2032,0,-1,7,60,1,67,7,61
2033,0,-1,0,-1,1,1,0,0
2034,0,-1,0,-1,1,1,0,0
2035,0,0,0,0,0,0,0,0
2036,0,-1,32,-22,1,54,32,-21
2037,0,0,0,0,0,0,0,0
2038,0,-1,0,-1,1,1,0,0
2039,0,0,0,0,0,0,0,0
2040,0,-1,16,56,1,72,16,57
2041,0,-1,0,-1,1,1,0,0
2042,0,-1,0,-1,1,1,0,0
2043,0,0,0,0,0,0,0,0
2044,0,-1,33,49,1,82,33,50
2045,0,-1,0,-1,1,1,0,0
2046,0,-1,0,-1,1,1,0,0
2047,0,0,0,0,0,0,0,0
