bin,range_profile_i,range_profile_q
0,-27,0
1,12,-2
2,2,1
3,5,11
4,-27,23
5,7,9
6,0,2
7,-8,10
8,-21,24
9,-5,11
10,-2,1
11,-13,-2
12,9,-28
13,-13,1
14,-2,-2
15,-6,-12
16,-3,11
17,-8,-11
18,0,-3
19,7,-11
20,0,9
21,4,-12
22,2,-2
23,12,1
24,-26,25
25,12,-2
26,2,1
27,5,11
28,-21,2
29,7,9
30,0,2
31,-8,10
32,4,1
33,-5,11
34,-2,1
35,-13,-1
36,27,-8
37,-13,1
38,-2,-2
39,-6,-12
40,-29,-11
41,-8,-10
42,0,-3
43,7,-11
44,30,5
45,4,-12
46,2,-2
47,12,0
48,-6,-30
49,12,-3
50,2,1
51,5,11
52,-9,29
53,8,9
54,0,2
55,-8,10
56,-27,23
57,-5,11
58,-2,1
59,-13,-1
60,18,17
61,-13,2
62,-2,-1
63,-6,-12
64,-1,-1
65,-9,-10
66,-1,-3
67,6,-11
68,9,23
69,4,-13
70,2,-2
71,12,0
72,-32,-16
73,12,-3
74,2,1
75,5,11
76,30,4
77,8,9
78,0,2
79,-7,10
80,-26,-17
81,-4,11
82,-2,1
83,-13,-1
84,-7,29
85,-13,2
86,-3,-1
87,-7,-12
88,1,-31
89,-9,-10
90,-1,-3
91,6,-11
92,-18,22
93,4,-13
94,1,-2
95,12,0
96,-1,4
97,12,-3
98,2,1
99,6,11
100,10,-18
101,8,9
102,0,2
103,-7,10
104,-31,-14
105,-4,12
106,-2,1
107,-13,-1
108,8,3
109,-13,2
110,-3,-1
111,-7,-11
112,11,2
113,-9,-10
114,-1,-3
115,6,-12
116,-30,-2
117,3,-13
118,1,-2
119,12,-1
120,31,-10
121,12,-3
122,2,1
123,6,10
124,-32,-16
125,8,9
126,0,2
127,-7,10
128,10,-25
129,-4,12
130,-2,1
131,-13,0
132,-12,29
133,-13,3
134,-3,-1
135,-7,-11
136,-16,-29
137,-9,-9
138,-1,-3
139,5,-12
140,21,19
141,3,-13
142,1,-2
143,12,-1
144,-10,-7
145,12,-4
146,2,0
147,6,10
148,-9,-4
149,9,8
150,0,2
151,-6,11
152,-15,30
153,-4,12
154,-2,1
155,-13,0
156,4,-20
157,-13,3
158,-3,-1
159,-7,-11
160,-3,4
161,-9,-9
162,-1,-3
163,5,-12
164,-4,27
165,3,-13
166,1,-2
167,12,-1
168,20,-23
169,12,-4
170,2,0
171,6,10
172,-17,25
173,9,8
174,0,2
175,-6,11
176,29,5
177,-3,12
178,-2,1
179,-13,0
180,-25,-19
181,-13,3
182,-3,-1
183,-8,-11
184,-12,30
185,-10,-9
186,-1,-3
187,5,-12
188,-23,10
189,2,-13
190,1,-2
191,12,-2
192,0,-1
193,12,-4
194,2,0
195,7,10
196,-26,-1
197,9,8
198,0,2
199,-6,11
200,1,-29
201,-3,12
202,-2,1
203,-13,0
204,-16,26
205,-12,4
206,-3,-1
207,-8,-11
208,25,-17
209,-10,-9
210,-1,-3
211,5,-12
212,-26,-18
213,2,-13
214,1,-2
215,12,-2
216,27,12
217,11,-5
218,2,0
219,7,10
220,-14,-25
221,9,8
222,0,2
223,-5,11
224,-5,-3
225,-3,12
226,-2,1
227,-13,1
228,12,16
229,-12,4
230,-3,-1
231,-8,-11
232,-1,-28
233,-10,-8
234,-1,-3
235,4,-12
236,-7,6
237,2,-13
238,1,-2
239,12,-2
240,-7,9
241,11,-5
242,2,0
243,7,9
244,12,-27
245,9,8
246,0,2
247,-5,11
248,-4,-32
249,-3,12
250,-2,1
251,-13,1
252,2,-28
253,-12,4
254,-3,-1
255,-8,-11
256,18,18
257,-11,-8
258,-1,-3
259,4,-12
260,-28,2
261,1,-13
262,1,-2
263,12,-3
264,-32,-4
265,11,-5
266,2,0
267,8,9
268,-27,12
269,9,7
270,0,2
271,-5,11
272,10,-7
273,-2,12
274,-2,1
275,-13,1
276,6,-7
277,-12,4
278,-3,-1
279,-8,-10
280,-28,-1
281,-11,-8
282,-1,-3
283,4,-12
284,16,12
285,1,-13
286,1,-2
287,12,-3
288,-3,-5
289,11,-6
290,2,0
291,8,9
292,-25,-14
293,10,7
294,0,2
295,-5,11
296,12,27
297,-2,12
298,-2,1
299,-13,2
300,-18,-26
301,-12,5
302,-3,-1
303,-9,-10
304,-17,25
305,-11,-8
306,-1,-3
307,4,-12
308,26,-16
309,1,-13
310,1,-2
311,12,-3
312,-29,1
313,11,-6
314,2,0
315,8,9
316,-1,-26
317,10,7
318,0,2
319,-4,12
320,-1,0
321,-2,12
322,-2,1
323,-13,2
324,10,-24
325,-12,5
326,-3,-1
327,-9,-10
328,30,-12
329,-11,-8
330,-1,-3
331,3,-13
332,-19,-25
333,0,-13
334,1,-2
335,12,-3
336,5,29
337,11,-6
338,2,0
339,8,9
340,25,-17
341,10,6
342,0,2
343,-4,12
344,-23,20
345,-1,12
346,-2,1
347,-13,3
348,27,-4
349,-12,5
350,-3,-1
351,-9,-10
352,4,-3
353,-11,-7
354,-1,-3
355,3,-13
356,-20,4
357,0,-13
358,1,-2
359,12,-4
360,30,-15
361,11,-7
362,2,0
363,8,9
364,-4,-9
365,10,6
366,0,2
367,-4,12
368,-7,-11
369,-1,12
370,-2,1
371,-13,3
372,19,21
373,-12,5
374,-3,-1
375,-9,-9
376,-29,-16
377,-11,-7
378,-1,-3
379,3,-13
380,29,-12
381,0,-13
382,1,-2
383,12,-4
384,-25,10
385,10,-7
386,2,0
387,9,8
388,-16,-32
389,10,6
390,1,2
391,-3,12
392,-10,30
393,-1,12
394,-2,1
395,-13,3
396,-2,-30
397,-11,6
398,-3,-1
399,-10,-9
400,2,11
401,-11,-7
402,-1,-3
403,2,-13
404,3,8
405,-1,-13
406,1,-2
407,12,-4
408,-14,-31
409,10,-7
410,2,0
411,9,8
412,-18,10
413,11,5
414,1,2
415,-3,12
416,4,-1
417,0,12
418,-2,1
419,-13,4
420,22,-18
421,-11,6
422,-3,-1
423,-10,-9
424,-31,1
425,-12,-7
426,-1,-3
427,2,-13
428,29,-7
429,-1,-13
430,1,-2
431,11,-4
432,-17,-26
433,10,-7
434,2,0
435,9,8
436,4,30
437,11,5
438,1,2
439,-3,12
440,-16,-32
441,0,12
442,-2,2
443,-12,4
444,23,9
445,-11,6
446,-3,-1
447,-10,-9
448,-1,-1
449,-12,-6
450,-1,-3
451,2,-13
452,17,18
453,-1,-13
454,1,-2
455,11,-5
456,23,-27
457,10,-8
458,2,0
459,9,8
460,29,-9
461,11,5
462,1,2
463,-3,12
464,-30,-6
465,0,12
466,-2,2
467,-12,4
468,5,30
469,-11,6
470,-3,0
471,-10,-8
472,-11,-29
473,-12,-6
474,-1,-2
475,1,-13
476,-8,27
477,-1,-13
478,1,-2
479,11,-5
480,1,4
481,10,-8
482,2,0
483,9,7
484,2,-21
485,11,5
486,1,2
487,-2,12
488,26,-26
489,1,12
490,-2,2
491,-12,4
492,9,0
493,-11,7
494,-3,0
495,-11,-8
496,11,-3
497,-12,-6
498,-2,-2
499,1,-13
500,-28,9
501,-2,-13
502,1,-2
503,11,-5
504,24,-21
505,10,-8
506,2,0
507,9,7
508,23,-27
509,11,5
510,1,2
511,-2,12
512,0,-27
513,1,12
514,-2,2
515,-12,5
516,-24,-27
517,-10,7
518,-3,0
519,-11,-8
520,-25,-21
521,-12,-5
522,-2,-2
523,1,-13
524,27,9
525,-2,-13
526,1,-2
527,11,-6
528,-12,-3
529,10,-8
530,2,0
531,10,7
532,-10,0
533,11,4
534,1,2
535,-2,12
536,-26,-26
537,1,12
538,-2,2
539,-12,5
540,-3,-21
541,-10,7
542,-3,0
543,-11,-8
544,-2,4
545,-12,-5
546,-2,-2
547,0,-13
548,7,27
549,-2,-13
550,1,-2
551,11,-6
552,10,-29
553,9,-8
554,2,0
555,10,6
556,-6,30
557,11,4
558,1,2
559,-1,12
560,29,-6
561,2,12
562,-2,2
563,-12,5
564,-30,-9
565,-10,8
566,-3,0
567,-11,-8
568,-24,-27
569,-12,-5
570,-2,-2
571,0,-13
572,-18,18
573,-3,-13
574,0,-3
575,11,-6
576,0,-1
577,9,-9
578,2,-1
579,10,6
580,-24,9
581,11,4
582,1,2
583,-1,12
584,15,-32
585,2,12
586,-2,2
587,-12,5
588,-5,30
589,-10,8
590,-3,0
591,-11,-7
592,16,-26
593,-12,-4
594,-2,-2
595,0,-13
596,-30,-7
597,-3,-13
598,0,-3
599,11,-7
600,30,1
601,9,-9
602,2,-1
603,10,6
604,-23,-18
605,12,4
606,1,1
607,-1,12
608,-5,-1
609,2,12
610,-2,2
611,-12,5
612,17,10
613,-10,8
614,-3,0
615,-11,-7
616,13,-31
617,-13,-4
618,-2,-2
619,0,-13
620,-4,8
621,-3,-13
622,0,-3
623,10,-7
624,-3,11
625,9,-9
626,2,-1
627,10,6
628,1,-30
629,12,3
630,1,1
631,0,12
632,9,30
633,2,12
634,-2,2
635,-11,6
636,15,-32
637,-10,8
638,-3,0
639,-11,-7
640,24,10
641,-13,-4
642,-2,-2
643,-1,-13
644,-30,-12
645,-4,-13
646,0,-3
647,10,-7
648,28,-16
649,8,-9
650,2,-1
651,11,5
652,-20,21
653,12,3
654,1,1
655,0,12
656,6,-11
657,3,12
658,-1,2
659,-11,6
660,3,-9
661,-9,9
662,-3,0
663,-12,-7
664,-31,-15
665,-13,-4
666,-2,-2
667,-1,-13
668,19,4
669,-4,-13
670,0,-3
671,10,-7
672,-5,-3
673,8,-9
674,2,-1
675,11,5
676,-28,-4
677,12,3
678,1,1
679,0,12
680,22,20
681,3,12
682,-1,2
683,-11,6
684,-26,-17
685,-9,9
686,-3,0
687,-12,-6
688,-6,29
689,-13,-3
690,-2,-2
691,-1,-13
692,18,-25
693,-4,-13
694,0,-3
695,10,-8
696,-31,-12
697,8,-10
698,2,-1
699,11,5
700,-11,-24
701,12,2
702,1,1
703,1,12
704,0,0
705,3,12
706,-1,2
707,-11,7
708,0,-26
709,-9,9
710,-3,0
711,-12,-6
712,28,1
713,-13,-3
714,-2,-2
715,-2,-13
716,-27,-16
717,-5,-12
718,0,-3
719,10,-8
720,16,25
721,8,-10
722,2,-1
723,11,5
724,17,-26
725,12,2
726,1,1
727,1,12
728,-13,27
729,4,11
730,-1,2
731,-11,7
732,24,-14
733,-9,9
734,-3,0
735,-12,-6
736,2,-5
737,-13,-3
738,-2,-2
739,-2,-13
740,-17,12
741,-5,-12
742,0,-3
743,10,-8
744,27,-1
745,7,-10
746,2,-1
747,11,4
748,-7,-7
749,12,2
750,1,1
751,1,12
752,-10,-7
753,4,11
754,-1,2
755,-10,7
756,26,12
757,-9,9
758,-3,0
759,-12,-5
760,31,-4
761,-13,-3
762,-2,-2
763,-2,-13
764,27,2
765,-5,-12
766,0,-3
767,10,-8
768,-19,18
769,7,-11
770,2,-1
771,11,4
772,-3,-28
773,12,1
774,1,1
775,2,12
776,3,-32
777,4,11
778,-1,2
779,-10,8
780,-13,-27
781,-8,9
782,-3,0
783,-12,-5
784,6,9
785,-13,-2
786,-2,-2
787,-3,-13
788,6,6
789,-5,-12
790,0,-3
791,9,-8
792,0,-28
793,7,-11
794,2,-1
795,11,4
796,-13,16
797,12,1
798,1,1
799,2,12
800,4,-3
801,4,11
802,-1,2
803,-10,8
804,13,-25
805,-8,10
806,-3,0
807,-12,-5
808,-28,12
809,-13,-2
810,-2,-2
811,-3,-13
812,25,-18
813,-6,-12
814,0,-3
815,9,-9
816,-26,-17
817,7,-11
818,2,-1
819,11,4
820,15,26
821,12,0
822,1,1
823,2,12
824,-2,-29
825,5,11
826,-1,2
827,-10,8
828,25,-1
829,-8,10
830,-3,0
831,-13,-4
832,-1,-1
833,-13,-2
834,-2,-2
835,-3,-13
836,22,10
837,-6,-12
838,0,-3
839,9,-9
840,11,30
841,7,-11
842,2,-1
843,12,3
844,24,-19
845,12,0
846,1,1
847,2,12
848,-30,5
849,5,11
850,-1,2
851,-10,8
852,16,25
853,-7,10
854,-3,0
855,-13,-4
856,-21,-23
857,-13,-1
858,-2,-2
859,-4,-13
860,3,27
861,-6,-12
862,0,-3
863,8,-9
864,2,4
865,6,-11
866,2,-1
867,12,3
868,-5,-20
869,12,0
870,1,1
871,3,12
872,14,30
873,5,11
874,-1,2
875,-10,8
876,8,-4
877,-7,10
878,-3,0
879,-13,-4
880,9,-7
881,-13,-1
882,-2,-2
883,-4,-13
884,-22,19
885,-6,-12
886,0,-3
887,8,-9
888,15,-29
889,6,-11
890,2,-1
891,12,3
892,11,29
893,12,0
894,1,1
895,3,12
896,-11,-25
897,6,10
898,-1,2
899,-9,9
900,31,-16
901,-7,10
902,-3,1
903,-13,-3
904,-32,-10
905,-13,-1
906,-2,-2
907,-4,-13
908,29,-2
909,-7,-12
910,0,-3
911,8,-10
912,-12,2
913,6,-11
914,2,-1
915,12,2
916,-9,3
917,12,-1
918,1,1
919,3,12
920,30,-14
921,6,10
922,-1,2
923,-9,9
924,-11,-18
925,-7,11
926,-3,1
927,-13,-3
928,0,4
929,-13,0
930,-2,-2
931,-5,-13
932,17,22
933,-7,-11
934,0,-3
935,8,-10
936,-2,-31
937,6,-12
938,2,-1
939,12,2
940,6,29
941,12,-1
942,1,1
943,3,11
944,25,-17
945,6,10
946,-1,2
947,-9,9
948,-31,3
949,-6,11
950,-3,1
951,-13,-3
952,31,-16
953,-13,0
954,-3,-2
955,-5,-13
956,-10,23
957,-7,-11
958,0,-3
959,8,-10
960,0,-1
961,5,-12
962,1,-1
963,12,2
964,-19,17
965,12,-1
966,1,1
967,4,11
968,26,23
969,7,10
970,-1,2
971,-9,9
972,8,29
973,-6,11
974,-3,1
975,-13,-3
976,5,-30
977,-13,0
978,-3,-2
979,-5,-12
980,-31,5
981,-8,-11
982,-1,-3
983,7,-10
984,28,-11
985,5,-12
986,1,-2
987,12,1
988,-28,-8
989,12,-1
990,1,1
991,4,11
992,-5,1
993,7,10
994,-1,2
995,-8,9
996,20,2
997,-6,11
998,-3,1
999,-13,-2
1000,25,25
1001,-13,1
1002,-3,-2
1003,-5,-12
1004,-1,9
1005,-8,-11
1006,-1,-3
1007,7,-11
1008,2,11
1009,5,-12
1010,1,-2
1011,12,1
1012,-10,-28
1013,12,-2
1014,1,1
1015,4,11
1016,20,24
1017,7,10
1018,-1,2
1019,-8,9
1020,26,23
1021,-6,11
1022,-3,1
1023,-13,-2
1024,26,0
1025,-13,1
1026,-3,-2
1027,-6,-12
1028,26,-24
1029,-8,-10
1030,-1,-3
1031,7,-11
1032,20,-25
1033,4,-12
1034,1,-2
1035,12,1
1036,-10,27
1037,12,-2
1038,1,1
1039,5,11
1040,2,-12
1041,7,10
1042,-1,2
1043,-8,10
1044,-1,-10
1045,-5,11
1046,-3,1
1047,-13,-2
1048,25,-26
1049,-13,1
1050,-3,-2
1051,-6,-12
1052,20,-3
1053,-8,-10
1054,-1,-3
1055,7,-11
1056,-5,-2
1057,4,-12
1058,1,-2
1059,12,0
1060,-28,7
1061,12,-2
1062,1,1
1063,5,11
1064,28,10
1065,7,9
1066,-1,2
1067,-7,10
1068,-31,-6
1069,-5,11
1070,-3,1
1071,-13,-1
1072,5,29
1073,-13,2
1074,-3,-2
1075,-6,-12
1076,8,-30
1077,-9,-10
1078,-1,-3
1079,7,-11
1080,26,-24
1081,4,-12
1082,1,-2
1083,12,0
1084,-19,-18
1085,12,-3
1086,1,0
1087,5,11
1088,0,0
1089,8,9
1090,0,2
1091,-7,10
1092,-10,-24
1093,-5,12
1094,-3,1
1095,-13,-1
1096,31,15
1097,-13,2
1098,-3,-2
1099,-6,-12
1100,-31,-4
1101,-9,-10
1102,-1,-3
1103,6,-11
1104,25,16
1105,3,-12
1106,1,-2
1107,12,0
1108,6,-30
1109,12,-3
1110,2,0
1111,6,11
1112,-2,30
1113,8,9
1114,0,2
1115,-7,10
1116,17,-23
1117,-5,12
1118,-2,1
1119,-13,-1
1120,0,-5
1121,-13,2
1122,-3,-2
1123,-7,-12
1124,-11,17
1125,-9,-10
1126,-1,-3
1127,6,-11
1128,30,13
1129,3,-13
1130,1,-2
1131,12,0
1132,-9,-4
1133,12,-3
1134,2,0
1135,6,10
1136,-12,-3
1137,8,9
1138,0,2
1139,-7,11
1140,29,1
1141,-4,12
1142,-2,1
1143,-13,0
1144,-32,9
1145,-13,2
1146,-3,-2
1147,-7,-11
1148,31,15
1149,-9,-10
1150,-1,-3
1151,6,-11
1152,-11,24
1153,3,-13
1154,1,-2
1155,12,-1
1156,11,-30
1157,12,-4
1158,2,0
1159,6,10
1160,15,28
1161,8,8
1162,0,2
1163,-6,11
1164,-22,-20
1165,-4,12
1166,-2,1
1167,-13,0
1168,9,6
1169,-13,3
1170,-3,-1
1171,-7,-11
1172,8,3
1173,-10,-9
1174,-1,-3
1175,5,-12
1176,14,-31
1177,3,-13
1178,1,-2
1179,12,-1
1180,-5,19
1181,12,-4
1182,2,0
1183,6,10
1184,2,-5
1185,8,8
1186,0,2
1187,-6,11
1188,3,-28
1189,-4,12
1190,-2,1
1191,-13,0
1192,-21,22
1193,-13,3
1194,-3,-1
1195,-7,-11
1196,16,-26
1197,-10,-9
1198,-1,-3
1199,5,-12
1200,-30,-6
1201,2,-13
1202,1,-2
1203,12,-1
1204,24,18
1205,12,-4
1206,2,0
1207,7,10
1208,11,-31
1209,9,8
1210,0,2
1211,-6,11
1212,22,-11
1213,-3,12
1214,-2,1
1215,-13,1
1216,-1,0
1217,-13,3
1218,-3,-1
1219,-8,-11
1220,25,0
1221,-10,-9
1222,-1,-3
1223,5,-12
1224,-2,28
1225,2,-13
1226,1,-2
1227,12,-1
1228,15,-27
1229,11,-5
1230,2,0
1231,7,10
1232,-26,16
1233,9,8
1234,0,2
1235,-6,11
1236,25,17
1237,-3,12
1238,-2,1
1239,-13,1
1240,-28,-13
1241,-12,4
1242,-3,-1
1243,-8,-11
1244,13,24
1245,-10,-9
1246,-1,-3
1247,4,-12
1248,4,2
1249,2,-13
1250,1,-2
1251,12,-2
1252,-13,-17
1253,11,-5
1254,2,0
1255,7,10
1256,0,27
1257,9,7
1258,0,2
1259,-5,11
1260,6,-7
1261,-3,12
1262,-2,1
1263,-13,1
1264,6,-10
1265,-12,4
1266,-3,-1
1267,-8,-10
1268,-13,26
1269,-10,-9
1270,-1,-3
1271,4,-12
1272,3,31
1273,2,-13
1274,1,-2
1275,12,-2
1276,-3,27
1277,11,-5
1278,2,0
1279,7,10
1280,-19,-19
1281,10,7
1282,0,2
1283,-5,11
1284,27,-3
1285,-2,12
1286,-2,1
1287,-13,2
1288,31,3
1289,-12,4
1290,-3,-1
1291,-9,-10
1292,26,-13
1293,-10,-8
1294,-1,-3
1295,4,-12
1296,-10,6
1297,1,-13
1298,1,-2
1299,12,-3
1300,-7,6
1301,11,-5
1302,2,0
1303,7,9
1304,27,0
1305,10,7
1306,0,2
1307,-5,11
1308,-17,-13
1309,-2,12
1310,-2,1
1311,-13,2
1312,2,4
1313,-12,5
1314,-3,-1
1315,-9,-10
1316,24,13
1317,-11,-8
1318,-1,-3
1319,4,-12
1320,-13,-28
1321,1,-13
1322,1,-2
1323,12,-3
1324,17,25
1325,11,-6
1326,2,0
1327,8,9
1328,16,-26
1329,10,7
1330,0,2
1331,-5,11
1332,-27,15
1333,-2,12
1334,-2,1
1335,-13,2
1336,28,-2
1337,-12,5
1338,-3,-1
1339,-9,-10
1340,0,25
1341,-11,-8
1342,-1,-3
1343,3,-13
1344,0,-1
1345,1,-13
1346,1,-2
1347,12,-3
1348,-11,23
1349,11,-6
1350,2,0
1351,8,9
1352,-31,11
1353,10,7
1354,0,2
1355,-4,12
1356,18,24
1357,-1,12
1358,-2,1
1359,-13,2
1360,-6,-30
1361,-12,5
1362,-3,-1
1363,-9,-10
1364,-26,16
1365,-11,-7
1366,-1,-3
1367,3,-13
1368,22,-21
1369,0,-13
1370,1,-2
1371,12,-4
1372,-28,3
1373,11,-6
1374,2,0
1375,8,9
1376,-5,2
1377,10,6
1378,0,2
1379,-4,12
1380,19,-5
1381,-1,12
1382,-2,1
1383,-13,3
1384,-31,14
1385,-12,6
1386,-3,-1
1387,-9,-10
1388,3,8
1389,-11,-7
1390,-1,-3
1391,3,-13
1392,6,10
1393,0,-13
1394,1,-2
1395,12,-4
1396,-20,-22
1397,11,-6
1398,2,0
1399,8,8
1400,28,15
1401,10,6
1402,0,2
1403,-4,12
1404,-30,11
1405,-1,12
1406,-2,1
1407,-13,3
1408,24,-11
1409,-11,6
1410,-3,-1
1411,-10,-9
1412,15,31
1413,-11,-7
1414,-2,-3
1415,2,-13
1416,9,-31
1417,0,-13
1418,1,-2
1419,12,-4
1420,1,29
1421,10,-7
1422,2,0
1423,9,8
1424,-3,-12
1425,10,6
1426,0,2
1427,-3,12
1428,-4,-9
1429,0,12
1430,-2,1
1431,-13,3
1432,13,30
1433,-11,6
1434,-3,-1
1435,-10,-9
1436,17,-11
1437,-12,-6
1438,-2,-3
1439,2,-13
1440,-5,0
1441,-1,-13
1442,1,-2
1443,12,-5
1444,-23,17
1445,10,-7
1446,2,0
1447,9,8
1448,30,-2
1449,11,6
1450,0,2
1451,-3,12
1452,-30,6
1453,0,12
1454,-2,1
1455,-12,3
1456,16,25
1457,-11,6
1458,-3,-1
1459,-10,-9
1460,-5,-31
1461,-12,-6
1462,-2,-3
1463,2,-13
1464,15,31
1465,-1,-13
1466,1,-3
1467,12,-5
1468,-24,-10
1469,10,-7
1470,2,0
1471,9,8
1472,0,0
1473,11,5
1474,0,2
1475,-3,12
1476,-18,-19
1477,0,12
1478,-2,1
1479,-12,4
1480,-24,26
1481,-11,7
1482,-3,-1
1483,-10,-9
1484,-30,8
1485,-12,-6
1486,-2,-3
1487,2,-13
1488,29,5
1489,-1,-13
1490,1,-3
1491,11,-5
1492,-6,-31
1493,10,-7
1494,2,-1
1495,9,7
1496,10,28
1497,11,5
1498,1,1
1499,-2,12
1500,7,-28
1501,0,12
1502,-2,1
1503,-12,4
1504,-2,-5
1505,-11,7
1506,-3,-1
1507,-10,-8
1508,-3,20
1509,-12,-6
1510,-2,-3
1511,1,-13
1512,-26,25
1513,-2,-13
1514,1,-3
1515,11,-5
1516,-10,-1
1517,10,-8
1518,2,-1
1519,10,7
1520,-12,2
1521,11,5
1522,1,1
1523,-2,12
1524,27,-10
1525,1,12
1526,-2,1
1527,-12,4
1528,-25,20
1529,-11,7
1530,-3,-1
1531,-10,-8
1532,-24,26
1533,-12,-6
1534,-2,-3
1535,1,-13
1536,0,26
1537,-2,-13
1538,1,-3
1539,11,-6
1540,23,26
1541,9,-8
1542,2,-1
1543,10,7
1544,24,20
1545,11,4
1546,1,1
1547,-2,12
1548,-28,-10
1549,1,12
1550,-2,1
1551,-12,5
1552,11,2
1553,-11,7
1554,-3,-1
1555,-11,-8
1556,9,-1
1557,-12,-5
1558,-2,-3
1559,1,-13
1560,26,25
1561,-2,-13
1562,1,-3
1563,11,-6
1564,2,20
1565,9,-8
1566,2,-1
1567,10,7
1568,1,-5
1569,11,4
1570,1,1
1571,-1,12
1572,-8,-28
1573,1,12
1574,-1,1
1575,-12,5
1576,-11,28
1577,-10,7
1578,-3,-1
1579,-11,-7
1580,5,-31
1581,-12,-5
1582,-2,-3
1583,0,-13
1584,-30,5
1585,-3,-13
1586,1,-3
1587,11,-6
1588,29,8
1589,9,-9
1590,2,-1
1591,10,7
1592,23,26
1593,11,4
1594,1,1
1595,-1,12
1596,17,-19
1597,2,12
1598,-1,2
1599,-12,5
1600,-1,0
1601,-10,8
1602,-3,0
1603,-11,-7
1604,23,-10
1605,-12,-5
1606,-2,-3
1607,0,-13
1608,-16,31
1609,-3,-13
1610,1,-3
1611,11,-6
1612,4,-31
1613,9,-9
1614,2,-1
1615,10,6
1616,-17,25
1617,11,3
1618,1,1
1619,-1,12
1620,29,6
1621,2,12
1622,-1,2
1623,-12,6
1624,-31,-2
1625,-10,8
1626,-3,0
1627,-11,-7
1628,22,17
1629,-13,-5
1630,-2,-2
1631,0,-13
1632,4,0
1633,-3,-13
1634,1,-3
1635,11,-6
1636,-18,-11
1637,9,-9
1638,2,-1
1639,10,6
1640,-14,30
1641,12,3
1642,1,1
1643,-1,12
1644,3,-9
1645,2,12
1646,-1,2
1647,-11,6
1648,2,-12
1649,-10,8
1650,-3,0
1651,-11,-7
1652,-2,29
1653,-13,-4
1654,-2,-2
1655,-1,-13
1656,-10,-31
1657,-3,-13
1658,1,-3
1659,10,-7
1660,-16,31
1661,9,-9
1662,2,-1
1663,10,6
1664,-25,-11
1665,12,3
1666,1,1
1667,0,12
1668,29,11
1669,3,12
1670,-1,2
1671,-11,6
1672,-29,15
1673,-9,8
1674,-3,0
1675,-12,-6
1676,19,-22
1677,-13,-4
1678,-2,-2
1679,-1,-13
1680,-7,10
1681,-4,-13
1682,0,-3
1683,10,-7
1684,-4,8
1685,8,-10
1686,2,-1
1687,11,6
1688,30,14
1689,12,3
1690,1,1
1691,0,12
1692,-20,-5
1693,3,12
1694,-1,2
1695,-11,6
1696,4,2
1697,-9,9
1698,-3,0
1699,-12,-6
1700,27,3
1701,-13,-4
1702,-2,-2
1703,-1,-13
1704,-23,-21
1705,-4,-13
1706,0,-3
1707,10,-7
1708,25,16
1709,8,-10
1710,2,-1
1711,11,5
1712,5,-30
1713,12,2
1714,1,1
1715,0,12
1716,-19,24
1717,3,12
1718,-1,2
1719,-11,7
1720,30,11
1721,-9,9
1722,-3,0
1723,-12,-6
1724,10,23
1725,-13,-3
1726,-2,-2
1727,-2,-13
1728,-1,-1
1729,-4,-13
1730,0,-3
1731,10,-8
1732,-1,25
1733,8,-10
1734,2,-1
1735,11,5
1736,-29,-2
1737,12,2
1738,1,1
1739,1,12
1740,26,15
1741,4,11
1742,-1,2
1743,-11,7
1744,-17,-26
1745,-9,9
1746,-3,0
1747,-12,-6
1748,-18,25
1749,-13,-3
1750,-2,-2
1751,-2,-13
1752,12,-28
1753,-5,-12
1754,0,-3
1755,10,-8
1756,-25,13
1757,8,-10
1758,2,-1
1759,11,5
1760,-3,4
1761,12,2
1762,1,1
1763,1,12
1764,16,-13
1765,4,11
1766,-1,2
1767,-11,7
1768,-28,0
1769,-8,9
1770,-3,0
1771,-12,-5
1772,6,6
1773,-13,-2
1774,-2,-2
1775,-2,-13
1776,10,6
1777,-5,-12
1778,0,-3
1779,9,-8
1780,-27,-13
1781,8,-10
1782,2,-1
1783,11,4
1784,-32,3
1785,12,2
1786,1,1
1787,1,12
1788,-28,-3
1789,4,11
1790,-1,2
1791,-11,7
1792,18,-19
1793,-8,10
1794,-3,0
1795,-12,-5
1796,2,27
1797,-13,-2
1798,-2,-2
1799,-3,-13
1800,-4,31
1801,-5,-12
1802,0,-3
1803,9,-9
1804,12,26
1805,7,-10
1806,2,-1
1807,11,4
1808,-7,-10
1809,12,1
1810,1,1
1811,2,12
1812,-7,-7
1813,4,11
1814,-1,2
1815,-10,7
1816,-1,27
1817,-8,10
1818,-3,0
1819,-12,-5
1820,12,-17
1821,-13,-2
1822,-2,-2
1823,-3,-13
1824,-5,2
1825,-5,-12
1826,0,-3
1827,9,-9
1828,-14,24
1829,7,-11
1830,2,-1
1831,11,4
1832,27,-13
1833,12,1
1834,1,1
1835,2,12
1836,-26,17
1837,5,11
1838,-1,2
1839,-10,8
1840,25,16
1841,-8,10
1842,-3,0
1843,-12,-5
1844,-16,-27
1845,-13,-1
1846,-2,-2
1847,-3,-13
1848,1,28
1849,-6,-12
1850,0,-3
1851,9,-9
1852,-26,0
1853,7,-11
1854,2,-1
1855,12,3
1856,0,0
1857,12,1
1858,1,1
1859,2,12
1860,-23,-11
1861,5,11
1862,-1,2
1863,-10,8
1864,-12,-31
1865,-8,10
1866,-3,0
1867,-12,-4
1868,-25,18
1869,-13,-1
1870,-2,-2
1871,-3,-13
1872,29,-6
1873,-6,-12
1874,0,-3
1875,9,-9
1876,-17,-26
1877,6,-11
1878,2,-1
1879,12,3
1880,20,22
1881,12,0
1882,1,1
1883,3,12
1884,-4,-28
1885,5,11
1886,-1,2
1887,-9,8
1888,-3,-5
1889,-7,10
1890,-3,0
1891,-13,-4
1892,5,19
1893,-13,-1
1894,-2,-2
1895,-4,-13
1896,-15,-31
1897,-6,-12
1898,0,-3
1899,9,-9
1900,-9,3
1901,6,-11
1902,2,-1
1903,12,3
1904,-10,6
1905,12,0
1906,1,1
1907,3,12
1908,21,-20
1909,5,11
1910,-1,2
1911,-9,8
1912,-16,28
1913,-7,10
1914,-3,0
1915,-13,-4
1916,-12,-30
1917,-13,-1
1918,-2,-2
1919,-4,-13
1920,10,24
1921,-7,-11
1922,0,-3
1923,8,-10
1924,-32,15
1925,6,-11
1926,2,-2
1927,12,2
1928,31,9
1929,12,0
1930,1,1
1931,3,12
1932,-30,1
1933,6,11
1934,-1,2
1935,-9,9
1936,11,-3
1937,-7,10
1938,-3,0
1939,-13,-3
1940,8,-4
1941,-13,0
1942,-2,-2
1943,-4,-13
1944,-31,13
1945,-7,-11
1946,0,-3
1947,8,-10
1948,10,17
1949,6,-12
1950,2,-2
1951,12,2
1952,-1,-5
1953,12,-1
1954,1,1
1955,4,12
1956,-18,-23
1957,6,10
1958,-1,2
1959,-9,9
1960,1,30
1961,-7,11
1962,-3,0
1963,-13,-3
1964,-7,-30
1965,-13,0
1966,-2,-2
1967,-4,-12
1968,-26,16
1969,-7,-11
1970,0,-3
1971,8,-10
1972,30,-5
1973,5,-12
1974,2,-2
1975,12,2
1976,-32,15
1977,12,-1
1978,2,1
1979,4,12
1980,9,-24
1981,6,10
1982,-1,2
1983,-9,9
1984,-1,0
1985,-6,11
1986,-2,0
1987,-13,-3
1988,18,-18
1989,-13,0
1990,-2,-2
1991,-5,-12
1992,-27,-24
1993,-8,-11
1994,0,-3
1995,8,-10
1996,-9,-30
1997,5,-12
1998,2,-2
1999,12,2
2000,-6,29
2001,12,-1
2002,2,1
2003,4,11
2004,30,-6
2005,7,10
2006,0,2
2007,-8,9
2008,-29,10
2009,-6,11
2010,-2,1
2011,-13,-2
2012,27,7
2013,-13,0
2014,-2,-2
2015,-5,-12
2016,4,-2
2017,-8,-11
2018,0,-3
2019,7,-10
2020,-21,-3
2021,5,-12
2022,2,-2
2023,12,1
2024,-26,-26
2025,12,-2
2026,2,1
2027,4,11
2028,0,-10
2029,7,10
2030,0,2
2031,-8,10
2032,-3,-12
2033,-6,11
2034,-2,1
2035,-13,-2
2036,9,27
2037,-13,1
2038,-2,-2
2039,-5,-12
2040,-21,-25
2041,-8,-11
2042,0,-3
2043,7,-10
2044,-27,-24
2045,5,-12
2046,2,-2
2047,12,1
